"","country_or_area","Charcoal...Consumption.by.other.Metric.tons...thousand","Charcoal...Final.consumption.Metric.tons...thousand","Charcoal...Final.energy.consumption.Metric.tons...thousand","Charcoal...Total.energy.supply.Metric.tons...thousand","Electricity...Consumption.by.commercial.and.public.services.Kilowatt.hours..million","Electricity...Consumption.by.households.Kilowatt.hours..million","Electricity...Consumption.by.manufacturing..construction.and.non.fuel.industry.Kilowatt.hours..million","Electricity...Consumption.by.other.manuf...const..and.non.fuel.ind..Kilowatt.hours..million","Electricity...Consumption.by.other.Kilowatt.hours..million","Electricity...Final.energy.consumption.Kilowatt.hours..million","Electricity...Gross.demand.Kilowatt.hours..million","Electricity...Gross.production.Kilowatt.hours..million","Electricity...Losses.Kilowatt.hours..million","Electricity...net.installed.capacity.of.electric.power.plants..public.combustible.fuels.Kilowatts...thousand","Electricity...net.production.Kilowatt.hours..million","Electricity...Own.use.by.electricity..heat.and.CHP.plants.Kilowatt.hours..million","Electricity...total.net.installed.capacity.of.electric.power.plants..combustible.fuels.Kilowatts...thousand","Electricity...total.net.installed.capacity.of.electric.power.plants..main.activity...autoproducer.Kilowatts...thousand","Electricity...total.net.installed.capacity.of.electric.power.plants..main.activity.Kilowatts...thousand","Electricity...total.production..main.activity.Kilowatt.hours..million","Electricity...total.thermal.production.Kilowatt.hours..million","From.combustible.fuels...Autoproducer.Kilowatt.hours..million","From.combustible.fuels...Autoproducer.Terajoules","From.combustible.fuels...Main.activity...Electricity.plants.Kilowatt.hours..million","From.combustible.fuels...Main.activity.Kilowatt.hours..million","From.combustible.fuels...Main.activity.Terajoules","Fuel.oil...Total.energy.supply.Metric.tons...thousand","Fuelwood...Consumption.by.households.Cubic.metres..thousand","Fuelwood...Consumption.by.other.Cubic.metres..thousand","Fuelwood...Final.consumption.Cubic.metres..thousand","Fuelwood...Final.energy.consumption.Cubic.metres..thousand","Fuelwood...Production.Cubic.metres..thousand","Fuelwood...Total.energy.supply.Cubic.metres..thousand","Fuelwood...Transformation.Cubic.metres..thousand","Gas.Oil..Diesel.Oil...Consumption.by.transport.Metric.tons...thousand","Gas.Oil..Diesel.Oil...Consumption.in.road.Metric.tons...thousand","Gas.Oil..Diesel.Oil...Final.consumption.Metric.tons...thousand","Gas.Oil..Diesel.Oil...Final.energy.consumption.Metric.tons...thousand","Gas.Oil..Diesel.Oil...Imports.Metric.tons...thousand","Gas.Oil..Diesel.Oil...Total.energy.supply.Metric.tons...thousand","Gas.Oil..Diesel.Oil...Transformation.in.electricity.plants...main.activity.producers.Metric.tons...thousand","Gas.Oil..Diesel.Oil...Transformation.in.electricity..CHP.and.heat.plants.Metric.tons...thousand","Gas.Oil..Diesel.Oil...Transformation.Metric.tons...thousand","Kerosene.type.Jet.Fuel...Imports.Metric.tons...thousand","Kerosene.type.Jet.Fuel...International.aviation.bunkers.Metric.tons...thousand","Kerosene.type.Jet.Fuel...Total.energy.supply.Metric.tons...thousand","Liquefied.petroleum.gas..LPG....Consumption.by.households.Metric.tons...thousand","Liquefied.petroleum.gas..LPG....Consumption.by.other.Metric.tons...thousand","Liquefied.petroleum.gas..LPG....Final.consumption.Metric.tons...thousand","Liquefied.petroleum.gas..LPG....Imports.Metric.tons...thousand","Liquefied.petroleum.gas..LPG....Total.energy.supply.Metric.tons...thousand","Liquified.Petroleum.Gas..LPG....Final.energy.consumption.Metric.tons...thousand","Motor.Gasoline...Consumption.by.transport.Metric.tons...thousand","Motor.Gasoline...Consumption.in.road.Metric.tons...thousand","Motor.Gasoline...Final.consumption.Metric.tons...thousand","Motor.Gasoline...Final.energy.consumption.Metric.tons...thousand","Motor.Gasoline...Imports.Metric.tons...thousand","Motor.Gasoline...Total.energy.supply.Metric.tons...thousand"
"1","Afghanistan",125.926,125.926,125.926,125.926,314.4,2204.9,800,800,2967.3,3767.3,4486.8,1049.3,500,60,776,273.3,115,431,249,742.3,154,5,NA,149,149,NA,1,1002.966,1002.966,1002.966,1002.966,1758.409,1758.396,755.43,882.1,882.1,882.1,882.1,882.1,882.1,19.7,20.2,20.2,51.5,10.1,41.4,NA,NA,NA,NA,NA,NA,713,713,713,713,713,713
"2","Albania",NA,NA,NA,NA,NA,3500,1466.17,1161.27,5057.03,6523.2,7791.43,4724.43,1119.07,98,4724.43,0,123,1865,1840,4724.43,NA,NA,NA,NA,NA,213.52,2.88,733.02,847.56,893.37,893.37,893.37,893.37,NA,701.96,670.94,780.08,780.08,979.71,781.72,NA,NA,NA,7.91,7,0.91,79.23,104.82,116.58,157.29,121,116.58,107.75,103,120.22,120.22,177.22,120.22
"3","Algeria",NA,NA,NA,NA,NA,17579,16020,13797,28846,45733,57484,64242,11003,12466,57675,6567,15657,15957,12766,60500,63988,3742,NA,60246,60246,NA,22,27.47673782,27.47673782,27.47673782,27.47673782,27.47673782,27.47673782,NA,8679,8679,9532,9532,1088,9897,109,365,365,NA,415,119,1457,1505,1895,NA,1997,1895,4085,4085,4122,4122,1033,4058
"4","American Samoa",NA,NA,NA,NA,38.622,40.313,23.142,23.142,111.627,134.769,147.364,156.945,12.596,40.5,147.364,9.581,40.5,41.5,41.5,156.945,155.845,NA,NA,155.845,155.845,NA,NA,NA,NA,NA,NA,NA,NA,NA,NA,NA,NA,NA,NA,NA,NA,NA,NA,NA,NA,NA,NA,NA,NA,NA,NA,NA,NA,NA,NA,NA,NA,NA
"5","Andorra",0.029,0.029,0.029,0.029,373.887,93.012,7.6,7.6,466.899,474.499,542,126.8,67.482,5,126.8,1.42e-14,5,31.5,31.5,126.8,13.4,NA,NA,13.4,13.4,NA,NA,2.4,2.4,2.4,2.4,NA,2.4,NA,82.19,82.19,129.96,129.96,130,130,NA,NA,NA,0.106882591,0.106882591,0,2.14,2.14,2.14,2.14,2.14,2.14,18.58381,18.58381,18.58381,18.58381,18.589056,18.589056
"6","Angola",1164,1164,1164,1164,NA,5421,2757,2757,5421,8178,9246,9480,1068,640,9246,234,770,2070,1940,8934,4439,546,NA,3893,3893,NA,168,7620.251779,7620.251779,7620.251779,7620.251779,19879.36508,19879.36508,12259.1133,1490,1467,3081,3081,3579,4079,818,1000,1000,137,225,248,233,245,247,52,247,247,940,940,1050,1050,1400,1420
"7","Anguilla",NA,NA,NA,NA,55.4,22.6,NA,NA,78,78,86.7,89.5,8.7,28.2,86.7,2.8,28.2,28.2,28.2,89.5,89.5,NA,NA,89.5,89.5,NA,NA,0.2,0.2,0.2,0.2,0.2,0.2,NA,13,NA,13,13,31.7,31.7,19.1,19.1,19.1,NA,NA,NA,5.5,5.5,5.5,5.5,5.5,5.5,7.6,7.6,7.6,7.6,7.6,7.6
"8","Antigua and Barbuda",NA,NA,NA,NA,138,95,9,9,233,242,329,336,87,83,329,7,84,84,83,335,336,1,NA,335,335,NA,35,NA,NA,NA,NA,NA,NA,NA,8,NA,8,8,65,64,55,55,55,78,47,31,3.4,3.4,3.4,3.4,3.4,3.4,39,39,39,39,42,39
"9","Argentina",377,377,377,376,29354,43880,51881,51881,74281,126757,147001,141586,20248,20659,137686,3900,24651,35945,31931,126883,93736,14653,NA,79083,79083,NA,3595,NA,NA,NA,NA,5275.314724,5275.314724,5275.314724,6638,6359,10632,10632,3390,12209,1620,1689,1689,66,860,627,1397,1727,1940,NA,1975,1940,5340,5340,5537,5537,330,5560
"10","Armenia",NA,NA,NA,0.034,327,2008,1479,1442,3759,5353,6281.14,7750,929,2390,7389,361,2390,4091,4091,7750,3289,NA,NA,NA,3289,127,0,NA,1546,1546,1546,1546,1546,NA,NA,NA,142.73,142.73,142.73,142.73,NA,NA,NA,40.46,40.46,0,NA,6.76,6.76,6.76,6.76,6.76,129.01,129.01,129.01,129.01,129.01,129.01
"11","Aruba",0.455,0.455,0.455,0.455,489.2,289.7,NA,NA,778.9,778.9,916.6,916.6,137.7,257.9,916.6,0,257.9,287.9,287.9,916.6,778.2,NA,NA,778.2,778.2,NA,191,0.793,0.793,0.793,0.793,2.005,2.005,1.212,9,9,9,9,22.2,22.2,13.2,13.2,13.2,82.8,82.8,0,3.19,10.3,10.3,10.3,10.3,10.3,61.31,61.31,61.31,61.31,61.31,61.31
"12","Australia",NA,NA,NA,NA,63310,58031,79483,72092,123802,208055,233408,248299,11866,45806,233468,14831,50704,66557,57655,223944,214767,19504,NA,190008,195263,NA,1181,877.0771757,908.3853311,3583.579639,3583.579639,3773.070608,3773.070608,189.4909688,12235,10979,17763,17763,11260,22058,130,865,865,2757,3683,3049,312,420,1861,372,1545,1660,13524,13259,13672,13672,2630,12648
"13","Austria",12,12,12,12,12671,17439,26565,19966,30886,60468,66147,65421,3284,6136,62338,3083,7859,24025,21768,57730,15949,7101,10022,4362,8848,69277,644,6570.333881,7780.295567,9293.924466,9293.924466,15777.12096,16531.36289,7237.438424,5737,5692,7412,7412,4490,7492,1,6,6,82,627,28,28,50,101,64,105,101,1626,1624,1626,1626,771,1704
"14","Azerbaijan",6,6,6,6,4942,7292,3161,2540,13210,16907,23365,24728,3363,6028,23730,998,6270,7355,7113,22706,23423,2022,1,13090,21401,6777,20,220,319,321,321,360,360,38,898,861,1280,1279,1,1318,5,5,5,NA,347,172,26,29,169,NA,170,55,1358,1358,1369,1369,194,1389
"15","Bahamas",1.133,1.133,1.133,1.133,10,794,1004,1004,804,1808,1779,1853,NA,536.5,1779,74,575.5,575.5,536.5,1779,1853,74,NA,1779,1779,NA,15,NA,27.238,27.238,27.238,3.441,3.868,6.63,29,29,153.4,153.4,409.4,509.4,345,356,356,54.46,54.46,0,8,10,10.93,10.93,10.93,10.93,153,153,247,247,247.38,246.38
"16","Bahrain",8.5,8.5,8.5,8.51,5520,6985,13633,13633,12553,26186,27253,27246,1073,3000,27250,-4,6050,6050,3000,16257,27246,10989,NA,16257,16257,NA,0,4,4,4,4,6.94,8.32,4.2,306,306,306,306,NA,306,NA,NA,NA,NA,395,42,58,58,58,NA,58,58,748,748,748,748,NA,749
"17","Bangladesh",123,123,123,123,2988,17191,26681,26681,22237,48918,52494,55845,6367,8945,52494,3351,11302,11557,9200,40427,55108,15418,NA,39690,39690,NA,1218,25924.4,25924.4,25924.4,25924.4,26662.4,26662.38,738,1774,1135,2883,2883,2904,3178,367,367,367,334,323,0,18,18,18,NA,20,18,293,293,296,296,36,166
"18","Barbados",0.331,0.331,0.331,0.331,406.12,300.72,78.57,78.57,824.73,903.3,951.44,1009.58,48.14,239.1,951.44,58.14,249.1,249.1,239.1,1006.58,1009.58,3,NA,1006.58,1006.58,NA,199.04,NA,3.073,3.073,3.073,4.878,4.837,1.764,41.12,41.12,60.46,60.46,76.11,78.43,17.97,17.97,17.97,31.77,31.77,0,6.16,7.7,7.7,6.7,6.91,7.7,86.93,86.93,86.93,86.93,81.68,86.92
"19","Belarus",3,3,3,3,8082,6397,12899,7491,16041,30220,35836,34735,3187,9298.2,32518,2217,9999.2,10036.5,9326.7,31663,34602,3061,71338,13468,31541,183596,487,1733.552271,2925.561029,3150.629447,3150.629447,6107.827039,6107.827039,2833.497537,2190,1988,3098,3098,22,3128,NA,1,1,17,110,22,81,82,169,40,170,169,1120,1120,1136,1136,1,1136
"20","Belgium",9,9,9,9,21501,18942,37752,20309,41216,80561,85939,72688,3879,7209,69965,2723,8605,20918,16494,62899,29582,6488,219,16038,23094,26902,-411,2063.054187,2075.205254,4330.15873,4330.15873,4222.222222,6904.433498,2574.274767,7079,6872,10419,10419,9782,10996,2,4,4,943,1295,69,86,134,1832,1830,1862,375,1264,1264,1301,1301,828,1137
"21","Belize",0.745,0.745,0.745,0.745,145.5002778,264.0361111,136.5775,136.5775,421.6077778,558.1852778,623.2263889,404.0616669,65.04111111,65.58,390.0716667,13.99000022,99.08,153.58,120.08,335.255278,199.1802779,68.80638889,NA,130.373889,130.373889,NA,21.5,NA,121.471,121.471,121.471,126,126.025,4.554,57.581523,57.581523,67.2189237,67.2189237,68.98613174,68.98613174,1.767208068,1.767208068,1.767208068,12.15938016,12.15938016,0,3.961945032,4.456659619,4.951374207,3.829708459,4.951937668,4.951374207,52.48761488,52.48761488,52.48761488,52.48761488,52.48761488,52.48761488
"22","Benin",273,273,273,273,420,444,167,167,864,1031,1285,184,254,199,184,0,207,208,200,151,184,33,NA,151,151,NA,54,6266.557198,7526.874658,7526.874658,7526.874658,10451.341,10451.341,2924.466338,516,515,518,518,664,558,34,40,40,182,182,0,12,14,14,18,14,14,718,718,718,718,734,718
"23","Bermuda",NA,NA,NA,NA,291,236,NA,NA,577,577,623,710,46,167,623,87,170.8,170.8,167,698,710,12,NA,698,698,NA,92.77,NA,NA,NA,NA,NA,NA,NA,23.482,16.571,23.482,23.482,58.623,58.623,35.14,35.14,35.14,18.058,18.058,0,6.72,6.72,6.72,6.72,6.72,6.72,23.46,23.46,23.46,23.46,23.46,23.46
"24","Bhutan",52.1,52.1,52.1,52,55.11,210.96,1661.36,1661.36,342.56,2003.92,2085.46,7003.86,23.57,17.4,6889.99,113.87,17.4,1631.5191,1631.5191,7003.86,0.5,NA,NA,0.5,0.5,NA,NA,4881,4891,4891,4891,5059,5059,168,102.237,NA,102.237,102.237,102.364,102.364,0.127,0.127,0.127,2.9,2.9,0,7.1,7.1,7.1,7.1,7.1,7.1,23.29,23.29,23.29,23.29,23.29,23.29
"25","Bolivia (Plur. State of)",34.365,34.365,34.365,34.365,1748,2806,2016,2016,5376,7392,8563,8755,805,1053.4,8563,192,1142.5,1605.8,1487.3,8563,6490,186,NA,6304,6304,NA,0,2208.155,2208.155,2208.155,2208.155,2424.208,2424.155,216,806,806,1487,1487,826,1593,52,52,52,NA,59,117,395,400,411,NA,359,411,1024,1024,1024,1024,211,1005
"26","Bonaire, St Eustatius, Saba",0.1,0.1,0.1,0.1,NA,NA,50,50,42,92,113,124.1,21,14,113,11.1,14,42.8,42.8,124.1,121.9,NA,NA,121.9,121.9,NA,46.9,0.1,0.1,0.1,0.1,NA,0.1,NA,40.2,40.2,40.2,40.2,66.4,40.2,NA,NA,NA,7.6,7.6,0,8.2,8.2,8.2,8.2,8.2,8.2,9.7,9.7,9.7,9.7,9.7,9.7
"27","Bosnia and Herzegovina",63,63,63,63,NA,4605,3910,3070,6597,10587,12336,16160,1322,1957,15172,988,2187,4304,4074,15757,10225,403,639,9822,9822,4361,133,6634,6708,6857,6857,7945,6870,528,727,727,888,888,541,935,NA,NA,NA,5,4,1,8,13,60,43,66,60,188,188,190,190,118,189
"28","Botswana",74.14,74.14,74.14,74.13,762,927,1463,1423,1986,3449,3757,2365,255,600,2073,292,620,621.3,601.3,2365,2363,NA,NA,2363,2363,NA,11,249.51,249.51,249.51,249.51,692.71,693.04,443.53,343,333,503,503,566,566,33,33,33,11,11,0,15,19,26,24,24,26,355,355,355,355,355,355
"29","Brazil",894,6411,6411,6507,133491,132302,207046,158477,292374,501399,615629,590541,91759,21800,581854,8687,37827,133913,113012,496510,189497,71932,NA,117565,117565,NA,8283,32645,44068,76070,76070,110039,110039,33970,42037,40645,49623,49623,9799,52371,2850,3373,3373,1218,2228,3617,5771,6391,7381,2010,7288,7381,33404,33404,33404,33404,1563,32463
"30","British Virgin Islands",0.112,0.112,0.112,0.112,65,42,4,4,107,111,126,132,15,44,126,6,44,44.52,44.52,132,132,NA,NA,132,132,NA,NA,1.075,1.075,1.075,1.075,1.507,1.507,0.432,6.1,NA,6.1,6.1,38.9,38.9,32.8,32.8,32.8,NA,NA,NA,NA,NA,NA,NA,NA,NA,14.5,14.5,14.5,14.5,14.5,14.5
"31","Brunei Darussalam",0.98,0.98,0.98,0.98,1815,1339,203,171,3154,3357,4055,4506,289,765,4055,451,843,844,766,4010,4504,496,NA,4008,4008,NA,0,9.81,9.81,9.81,9.81,11.66,11.65,1.84,154,154,278,278,179,277,11,11,11,18,71,-1,16,16,16,NA,16,16,276,276,276,276,163,272
"32","Bulgaria",3,3,3,3,7831,10590,8706,6754,18662,27674,32958,47485,4013,4410,43231,4254,4470,11390,11330,47232,23858,239,213,18742,23619,51717,89,3360.91954,3409.304871,3815.106732,3815.106732,4433.607006,3998.248495,194.6360153,1568,1556,1742,1742,919,2038,2,2,2,7,165,11,21,29,432,348,436,432,481,481,481,481,238,482
"33","Burkina Faso",636.798,636.798,636.798,636.798,NA,225.353,260,260,845.353,1123.353,1308.353,869.971,175,204.8,819.971,50,265.8,297.8,236.8,620.601,779.498,249.37,NA,530.128,530.128,NA,136,9492,9492,9492,9492,13331,13331,3839,331.8,331.8,331.8,331.8,453.8,453.8,88,122,122,34.4,34.4,0,60.9,60.9,60.9,60.9,60.9,60.9,207.4,207.4,207.4,207.4,207.4,207.4
"34","Burundi",264,264,264,264,NA,129.844,108.575,108.575,156.347,264.922,256.776,173.848,0,9,165.776,8.072,9,41,41,173.848,33.52,NA,NA,33.52,33.52,NA,11.1,4414,4414,4414,4414,5999,5998,1584,63.9,63.9,63.9,63.9,63.7,63.9,NA,NA,NA,4.31,4.299,-7.67e-16,1.1,1.1,1.1,1.1,1.1,1.1,51.2,51.2,51.2,51.2,50.2,51.2
"35","Cabo Verde",0.644,0.644,0.644,0.644,46.11,93.67,33.31,33.31,262.09,295.4,398.18,408.81,102.77,120.57,398.18,10.63,120.97,154.46,154.06,408.3,338.12,0.51,NA,337.61,337.61,NA,57.9,161.12,161.12,161.12,161.12,164.35,164.35,3.22,53.5,48.9,53.5,53.5,98.9,67.7,14.1,14.3,14.3,68.84,53.81,15.03,6.46,11.19,11.19,11.19,11.19,11.19,7.36,7.36,7.36,7.36,7.36,7.36
"36","Cambodia",895,895,895,895,1138,2076,746,746,3363,4109,4826,3059,717,581.9,3023,36,581.9,1513.3,1513.3,3059,1204,NA,NA,1204,1204,NA,89,9768.691845,9768.691845,13285.38588,13285.38588,18768.1445,18768.1445,5482.758621,802,613,984,984,1005,1005,21,21,21,92,74,18,112,112,112,112,112,112,427,427,427,427,427,427
"37","Cameroon",236,236,236,236,1261,1135,3011,2916,2474,5485,6165,6922,680,517,6165,757,817,1549.2,1249.2,5473,1854,1449,NA,405,405,NA,205,18455.9387,20378.87247,20378.87247,20378.87247,21718.99288,21718.99288,1340.120416,593,569,601,601,9,762,19,161,161,NA,79,106,55,59,59,35,59,59,416,416,416,416,60,416
"38","Canada",NA,NA,NA,NA,104305,161568,180219,152503,304095,489239,591137,656225,58196,32101,636960,19265,36217,137344,127850,599532,139402,25512,909,98668,113890,36770,3075,16353.69458,16353.69458,33872.578,33872.578,41503.88615,38258.45649,4385.878489,18724,15849,27527,27527,1232,24707,169,261,261,2406,689,5426,266,1054,2619,203,887,1431,32089,32059,34426,34426,2784,27334
"39","Cayman Islands",NA,NA,NA,NA,6.97,275.94,300.77,300.77,282.91,583.68,620.74,620.74,37.06,131.7,620.74,0,131.7,131.7,131.7,620.74,620.74,NA,NA,620.74,620.74,NA,NA,NA,NA,NA,NA,NA,NA,NA,13.1,13.1,13.1,13.1,134.8,134.8,121.7,121.7,121.7,10.95,10.4,0.55,3.2,3.2,3.2,3.2,3.2,3.2,37.57,37.57,37.57,37.57,37.57,37.57
"40","Central African Rep.",206.671,206.671,206.671,206.671,5,64,52,52,111,163,172,183,10,19,172,11,19,44,44,183,26,NA,NA,26,26,NA,6,760,760,760,760,2000,2000,1240,27.4,27.4,27.4,27.4,35.8,35.8,8.4,8.4,8.4,32.5,32.5,0,NA,NA,NA,NA,NA,NA,28.3,28.3,28.3,28.3,28.3,28.3
"41","Chad",445.5,445.5,445.5,445.5,10,101,73,73,133,206,206,225,NA,47,206,19,47,47,47,225,225,NA,NA,225,225,NA,NA,4866,4866,4866,4866,7539,7539,2673,NA,NA,10.3,10.3,67.5,67.5,57.2,57.2,57.2,21,14,7,1,1,1,1,1,1,10,10,10,10,10,10
"42","Chile",68,71,71,72,11400,11372,42260,41813,23162,66458,72375,73719,4820,14767,72375,1344,16049,23400,22080,67409,48397,6123,NA,42152,42274,NA,991,7831.855501,8187.958402,10988.94362,10988.94362,26375.15052,26375.15052,16065.35304,3733,3643,6528,6528,4909,7676,599,636,636,402,615,398,733,856,1302,945,1242,1185,3064,3058,3064,3064,440,3140
"43","China",1895.007,1895.007,1895.007,1895.007,NA,717610,3200445.3,2111228,1380007,4686376.1,5219096,5649583.4,309988,923630,5230504,419079.4,1005720,1461939,1370728,5303396,4268649.4,346187.4,591612.5,3922462,3922462,3742500,36784.1,NA,165509.448,165509.448,165509.448,175622.197,175632.88,10123.392,110274.5,82596.5,168044,167769.2,473.7,171575.2,258.3,305.6,382.7,3914.37,6961.9,16040.78,21731.4,23462.1,29522.5,7393.9,32927.3,26584.1,45925.15,39676.83,96456.71,96353.21,33.8,96981.9
"44","China, Hong Kong SAR",7,7,7,7,28686,12060,3134,3134,40746,43880,48865,39803,4986,12625,39803,0,12625,12625,12625,39803,39803,NA,NA,39803,39803,NA,2,NA,NA,NA,NA,NA,NA,NA,1269,1269,1860,1860,3279,1908,48,48,48,6960,7205,14,215,396,404,399,404,404,589,589,589,589,515,588
"45","China, Macao SAR",NA,NA,NA,1,3366,913,251,251,4279,4530,4698,641,166,472,599,42,497,497,472,435,641,206,NA,435,435,NA,56,NA,NA,NA,NA,NA,NA,NA,49,49,106,106,171,105,0,0,0,NA,NA,NA,12,44,44,44,44,44,74,74,74,74,72,75
"46","Colombia",212,256,256,256,12519,21766,16374,11180,34817,51268,67280,70059,7487,4515,68082,1977,5043,14823,14203,66316,25149,3604,NA,16545,21545,NA,-186,5411.932129,6050.793651,6116.037219,6116.037219,7339.463602,7339.244663,1223.207444,4986,4694,6452,6452,3937,6508,46,46,46,40,1032,0,507,553,622,NA,592,622,4017,3967,4117,4117,609,4254
"47","Comoros",44.2,44.2,44.2,44.3,NA,18,NA,NA,43.5,43.5,54.6,54.6,11.15,25,54.6,0,25,25,25,54.6,54.6,NA,NA,54.6,54.6,NA,NA,28.56,28.56,28.56,28.56,294.36,294.36,265.8,NA,NA,15,15,28.09,28.09,13.7,13.7,13.7,3.14,3.14,0,NA,NA,NA,NA,NA,NA,11.49,11.49,11.49,11.49,11.49,11.49
"48","Congo",204,204,204,206,NA,425,373,373,425,798,1541,1740,775,10,1545,195,170,390,230,952,788,788,NA,0,0,NA,0,2551.286262,2551.286262,2551.286262,2551.286262,4531.253421,4531.253421,1979.967159,443,350,466,466,189,459,0,0,0,36,40,56,8,8,8,NA,8,8,164,164,164,164,86,164
"49","Cook Islands",NA,NA,NA,NA,NA,NA,NA,NA,31.8,31.8,31.8,31.8,NA,8,31.8,0,8,8,8,31.8,31.8,NA,NA,31.8,31.8,NA,NA,NA,NA,NA,NA,NA,NA,NA,9,9,9,9,18,18,9,9,9,2,2,0,NA,NA,NA,NA,NA,NA,5,NA,5,5,5,5
"50","Costa Rica",2,2,2,2,3450,3516,1858,1485,7349,9207,10304,10217,1106,597,10100,117,618,3215,2845,10036,1224,181,NA,1043,1043,NA,308,594.5265463,708.7027915,1302.025178,1302.025178,1322.605364,1322.605364,20.580186,773,771,910,910,965,968,60,60,60,173,153,27,51,70,137,134,134,137,777,777,783,783,794,772
"51","Côte d'Ivoire",1365,1365,1365,1437,1923,2003,1738,1567,4070,5808,6995,8286,1187,1200,7872,414,1223,1655,1632,8214,6373,72,NA,6301,6301,NA,214,18229.44718,19849.9179,19849.9179,19849.9179,46182.59442,46182.59442,26333.88068,609,507,936,936,NA,841,3,3,3,NA,66,0,118,169,201,188,200,201,308,308,308,308,NA,308
"52","Croatia",6,6,6,6,5619,5629,3291,2843,11311,14833,16944,13554,1764,1778,13159,395,1933,4427.5,4270.5,13209,3664,338,NA,2401,3326,10127,164,4624.192666,4640.613027,4819.157088,4819.157088,6299.178982,5006.787083,187.6299945,1184,1120,1583,1583,1020,1587,1,4,4,27,115,9,47,62,139,44,139,139,521,521,533,533,142,533
"53","Cuba",61.7,61.7,61.7,124.9,NA,8005.7,4622.3,4622.3,11480.1,16404.8,18310.1,19366,2961.3,5608.2,18310.1,1055.9,6105.8,6168.6,5671,18528.5,19261.9,837.5,NA,18424.8,18424.4,NA,3552.8,21.2,1091.7,1215.5,1215.5,1196.6,1196.6,749.4,272.5,272.5,1228.7,1228.7,949.8,2041.4,355,439,439,571.8,208.8,638.8,70,108.5,118.9,79.5,146.5,118.9,231.6,197.1,346.4,346.4,311.4,865.7
"54","Curaçao",0.343,0.343,0.343,0.343,NA,NA,365,365,299,664,807,891,143,102,807,84,235,265,132,419,859,472,NA,387,387,NA,419,0.083,0.083,0.083,0.083,NA,0.083,NA,277,277,277,277,477,292,NA,NA,NA,59,59,0,44,44,44,NA,9,44,65,65,65,65,65,65
"55","Cyprus",12,12,12,12,1838,1425,463,423,3502,3965,4145,4350,173,1481,4145,205,1513,1734,1692,4272,4084,58,NA,4013,4026,45,828,7.772304324,9.523809524,21.893815,21.893815,11.49425287,28.13355227,6.349206349,224,224,337,337,549,463,124,125,125,221,231,-6,31,42,48,48,48,48,341,341,341,341,342,340
"56","Czechia",NA,NA,NA,NA,14680,14125,23005,16869,31617,56203,62227,86024,3847,11392,79906,6118,13082,21970,20090,77546,50138,7914,16338,26862,42224,103609,45,4795.29283,4892.063492,5336.726875,5336.726875,8460.974275,8099.945265,2763.218391,3943,3854,4335,4328,1786,4372,NA,1,1,126,283,16,4,12,271,89,212,107,1570,1570,1570,1570,449,1593
"57","Dem. Rep. of the Congo",3803,3803,3803,3803,804,2753,4342,4342,3557,7899,9260,8831,1895,30,8191,640,34,2606,2029,8824,11,7,NA,4,4,NA,41,61443.45922,61443.45922,75004.05036,75004.05036,120064.3678,120064.3678,45032.29338,910,682,910,910,910,910,1,1,1,226,226,0,NA,NA,NA,NA,NA,NA,513,513,513,513,513,513
"58","Denmark",14.188,14.188,14.188,14.188,10178,10104,8174,6425,22066,30625,33543,32183,1974,7579,30814,1369,8152,13656,12476,29577,18493,2010,22176,23,16483,96233,47,3402.955665,3759.71538,4172.304324,4172.304324,3884.07225,8677.175698,4505.199781,2571,2351,3376,3376,2762,3811,7,42,42,747,868,53,12,19,40,18,42,40,1264,1264,1285,1285,715,1360
"59","Djibouti",51.643,51.643,51.643,51.643,136,169,NA,NA,305,305,396,402,91,130,396,6,130,130,130,402,402,NA,NA,402,402,NA,75,70.017,70.017,70.017,70.017,378.927,376.851,306.834,21.4,21.4,21.4,21.4,64.3,54.6,30.7,30.7,30.7,87.8,87.8,0,10,20,20,20,20,20,4.5,4.5,4.5,4.5,4.5,4.5
"60","Dominica",0.201,0.201,0.201,0.201,40.75,41.68,8.72,8.72,82.43,91.15,99.03,102.43,8,20.1,99.03,3.4,20.1,26.74,26.74,102.43,71.79,NA,NA,71.79,71.79,NA,1,6.071,6.071,6.071,6.071,7.523,7.499,1.428,11,11,11,11,26.9,26.9,15.9,15.9,15.9,0.6,0.6,0,2,2,2,2,2,2,13,13,13,13,13,13
"61","Dominican Republic",51.94,51.94,51.94,51.94,3557.53,5225.3,5373.66,5373.66,9762.84,15188.83,17370.18,17961.98,2160.03,2915.86,17370.18,591.8,3328.35,4042.26,3615.96,14991.98,16451.92,2970,NA,13481.92,13481.92,NA,1547.25,835.53,835.55,835.55,835.55,1090.62,1090.62,254.99,495.49,495.49,637.67,637.67,777.98,1122.89,110.83,484.99,484.99,245.51,483.9,1.33e-14,418.56,456.18,834.48,828.65,849.33,834.48,685.37,685.37,809.03,709.03,571.57,825.07
"62","Ecuador",NA,NA,NA,NA,4809.4,6364,8497,8497,12984.1,21491.1,24581.3,24307.2,3140.2,2220.2,23791.8,515.4,3010.8,5299.09,4433.73,20476.5,12753.1,3308.3,NA,9444.8,9444.8,NA,1664.26,901.1,901.1,1073.1,1073.1,1073.2,1073.2,NA,2704.31,2434,4291.71,4291.71,3493.37,4973.38,372.35,618.1,618.1,33.74,375.49,-2.52,1252.17,1520.62,1663.67,1433.22,1734.88,1663.67,2308,2303.6,3777.7,3777.7,2376.2,3849.8
"63","Egypt",1336,1336,1336,1336,35399,62441,41678,41678,104350,146556,165710,177249,19154,31733,166099,11150,32420,35907,35220,171747,161708,5502,NA,156206,156206,NA,7875,NA,9229.5,9229.5,9229.5,17692.9,17690.4,8460.9,7204,7204,10169,10169,4442,10739,83,83,83,178,687,498,3899,3899,3922,2168,3922,3922,3835,3835,3835,3835,1005,3835
"64","El Salvador",37,37,37,37,1487,1601,2231,2231,3293,5524,6260,6223,705,693.1,5879,344,886.1,1563.1,1370.1,5569,2947,654,NA,2293,2293,NA,580,1366.502463,1391.789819,1509.359606,1509.359606,1763.437329,1763.437329,254.077723,420,420,549,549,561,550,0,1,1,152,152,0,189,190,277,270,277,277,476,476,476,476,476,476
"65","Equatorial Guinea",10,10,10,10,NA,176,184,184,176,360,395,439,NA,184,395,44,184,334,334,439,242,NA,NA,242,242,NA,NA,386.7,386.7,386.7,386.7,447,447,60.3,110,110,136,136,145,145,2,2,2,35,35,0,20,20,20,20,20,20,23,23,23,23,23,23
"66","Eritrea",146,146,146,147,92,127,84,84,219,303,353,370,50,133,353,17,139,140,134,359,368,11,NA,357,357,NA,73,951.833607,1034.044882,1034.044882,1034.044882,2450.136836,2450.136836,1416.091954,44,44,45,45,79,79,30,34,34,1,1,0,2,2,2,2,2,2,10,10,10,10,10,10
"67","Estonia",NA,NA,NA,NA,2795,1739,2117,1965,4739,6906,8259,12446,842,2733,11013,1433,2750,3096,3072,12389,11815,42,1289,10575,11773,20523,-23,892.7203065,953.256705,1204.70717,1204.70717,4182.594417,2657.142857,1446.086481,481,452,654,654,691,641,NA,0,0,53,40,0,4,6,9,16,9,9,239,239,242,242,434,242
"68","Ethiopia",4117.8,4117.8,4117.8,4117.77,1806,2435,2241,2241,4288,6529,8304,9615,1775,190,9356,259,190,2311,2311,9615,9,NA,NA,9,9,NA,168,80962,82039.6,82039.6,82039.6,106748,106745.39,24706.2,1045,1045,1724,1724,1727,1727,3,3,3,486,386,68,7,7,7,7,7,7,229,229,229,229,233,233
"69","Faeroe Islands",0.01,0.01,0.01,0.01,98.685,77.974,76.094,76.094,207.716,283.81,298.46,305.417,14.645,68.19,298.46,6.957,68.19,123.69,123.69,305.417,150.242,NA,NA,150.242,150.242,NA,60.437,NA,NA,NA,NA,NA,NA,NA,50.906,50.906,122.353,122.353,130,123.527,1.173,1.173,1.173,0.004,0.004,0,NA,NA,NA,NA,NA,NA,10.603,10.603,10.603,10.603,10.603,10.603
"70","Falkland Is. (Malvinas)",0.127,0.127,0.127,0.127,NA,2.94,7.36,7.36,10.29,17.65,17.65,17.65,NA,7,17.65,3.55e-15,9,11.89,9.89,15.65,11.96,2,NA,9.96,9.96,NA,NA,0.189,0.189,0.189,0.189,0.771,0.771,0.582,NA,NA,6,6,8.6,8.6,2.6,2.6,2.6,NA,NA,NA,NA,NA,NA,NA,NA,NA,1,1,1,1,1,1
"71","Fiji",2.417,2.417,2.417,2.417,350,220,200,200,582.6,782.6,836.1,859.3,70,114,836.1,23.2,164,309.2,259.2,809.7,454,49.6,NA,404.4,404.4,NA,41.3644,22.478,22.478,22.478,22.478,37,36.98,14.502,88.77284561,60.922541,146.2140989,146.2140989,247.171453,205.3958961,59.538,59.538,59.538,30,22,8,20,22.2929,22.2929,22.2929,22.2929,22.2929,72,72,72,72,72,72
"72","Finland",3.4,3.4,3.4,3.4,17458,21362,38170,29461,40245,79137,83180,68093,2772,7759,65456,2637,9607,16245,14200,58000,29711,8976,15286,6374,20735,158791,1549,5801.970443,6829.228243,17618.50027,17618.50027,21340.33935,21430.4324,3811.932129,2459,2365,3948,3948,2159,4933,4,23,23,237,606,171,4,8,433,316,559,268,1434,1399,1520,1520,493,1878
"73","France",126.888,126.888,126.888,126.888,131610,149426,111382,72622,291470,415325,464250,562776,35384,21655,539416,23360,24411,129069,120835,544147,33484,12619,31969,14770,20865,85806,3845,27366.83087,28397.48221,32933.33333,32933.33333,36626.81992,36626.81992,3666.338259,34157,33894,46184,45238,22482,47677,25,38,170,4018,5483,1040,812,1377,4070,3479,3895,1807,6967,6686,6995,6995,284,8039
"74","French Guiana",8.2,8.2,8.2,8.2,434,298,43,43,732,775,890,910,115,139.6,890,20,139.6,291.6,291.6,910,359,NA,NA,359,359,NA,40,87.02,87.02,87.02,87.02,136.21,136.21,49.19,57,57,78,78,146,146,39,39,39,39.3,39.3,0,NA,4.2,4.2,4.2,4.2,4.2,33,33,33,33,33,33
"75","French Polynesia",0.633,0.633,0.633,0.633,356,286,NA,NA,642,642,685.93,721.03,44,177.18,685.93,35.1,177.18,227.48,227.48,721.03,492.34,NA,NA,492.34,492.34,NA,108.149,1.427,1.427,1.427,1.427,4.549,4.553,3.126,27.178,NA,27.178,27.178,131.325,94.25,67.072,67.072,67.072,17,13,4,7.684,7.684,7.684,7.684,7.684,7.684,45.789,45.789,45.789,45.789,45.789,45.789
"76","Gabon",NA,21.8,21.8,21.8,312,1077,561,559,1502,2071,2672,2367,555,268,2284,83,337.5,508.5,438,2173,1570,192,NA,1378,1378,NA,58,4286,4286,5286,5286,5450,5450,163.8,180,180,532,532,541,683,127,151,151,9,44,0,36,36,36,23,36,36,80,80,80,80,12,80
"77","Gambia",66.41,66.41,66.41,66.41,NA,NA,35.2,35.2,173.3,208.5,270.3,260.8,52,79.8,270.3,-9.5,113.8,115.5,81.5,230,260.8,30.8,NA,230,230,NA,65.9,355.548,355.548,355.548,355.548,732,740.548,385,NA,NA,21.5,21.5,72.5,71.5,50,50,50,14.8,13.8,0,NA,2.3,2.3,2.3,2.3,2.3,24.6,24.6,24.6,24.6,24.6,24.6
"78","Georgia",NA,NA,NA,NA,2567,2465,2816,1172,6701,9784,10402,10370,600,1688,10153,217,1688,4350,4350,10370,2036,NA,NA,2036,2036,0,1.6,2432.78,2473.072,2474.769,2474.769,2474.77,2475.907,NA,508.5,497.8,519.3,519.3,529.6,519.4,0,0,0,78.2,80.3,0.8,16,16,18,18,18,18,380.6,380.6,381.4,381.4,373.9,381.3
"79","Germany",211.06,211.06,211.06,211.06,142868,129600,228773,148965,272468,512835,550064,627795,24159,87747,591952,35843,97203,198416,188609,582345,409688,43874,NA,287457,365814,430982,5330,22206.13027,25251.6694,31377.77778,31377.77778,47832.18391,47832.18391,16382.92282,33127,32494,51962,51624,16871,53607,144,290,427,4812,7826,1014,650,1013,2479,672,2928,1675,18223,18223,18527,18527,1790,17093
"80","Ghana",1701.9,1719.635593,1719.635593,1719.635593,2069,2772,4681,4681,4841,9522,12492,13139,2348,1248,12963,176,1458,3040.5,2830.5,12959,4752,180,NA,4572,4572,NA,92.3,4482,4577.7,6314.9,6314.9,16632.61872,16632.61872,10320,1348,1237.4,1713,1713,1742.1,1823.7,1.5,1.5,1.5,112.4,105.6,16.2,166.2,176.8,241.5,236.4,239.7,241.5,1101.5,1101.5,1102.3,1102.3,1254.3,1273.2
"81","Gibraltar",NA,NA,NA,NA,17,NA,NA,NA,188,188,194,198,6,43,194,4,43,43,43,198,198,NA,NA,198,198,NA,48,0.07,0.07,0.07,0.07,NA,0.07,NA,92,92,92,92,414,92,NA,NA,NA,7,7,0,NA,NA,NA,NA,NA,NA,32,32,32,32,32,32
"82","Greece",57,57,57,57,16802,17151,12869,11432,36288,49500,55334,50474,4149,10427,46702,3772,10932,18895,18390,48682,38386,1792,NA,26507,36594,2073,2258,3114.723591,3141.98139,3513.409962,3513.409962,3247.181171,3526.984127,13.5741653,2271,2034,3618,3618,936,4094,258,274,274,162,757,509,79,139,450,39,532,450,2515,2515,2525,2525,351,2450
"83","Greenland",NA,NA,NA,NA,160.7,100.9,60.4541,59.012,270.4,330.8541,180.6659,579.9176,11.9994,80,180.6659,399.2517,96,186.9,170.9,488.1385,183.5582,91.7791,NA,91.7791,91.7791,1002.8075,11.3357,NA,NA,NA,NA,NA,NA,NA,11.6512,6.0515,95.4484,95.4484,131.4228,124.816,27.4242,27.4242,27.4242,16.7813,NA,15.1616,0.0276,0.0475,0.0692,0.0692,0.0692,0.0692,6.1533,3.9711,13.145,13.145,12.9599,13.5504
"84","Grenada",2.03,2.03,2.03,2.03,105.2,68.2,5.8,5.8,173.4,179.2,194,199.9,14.8,48.59,194,5.9,48.59,48.59,48.59,199.9,199.9,NA,NA,199.9,199.9,NA,NA,21.07586207,21.07586207,21.07586207,21.07586207,27.2,27.2,6.124137931,7.8,7.8,11.13,11.13,51.25,51.25,40.12,40.12,40.12,5.28,5.28,0,3.71,4.25,4.25,4.25,4.25,4.25,25.21,25.21,25.96,25.96,23.53,23.53
"85","Guadeloupe",2.1,2.1,2.1,2.1,698,724,86,86,1422,1508,1734,1809,207,379.5,1734,75,379.5,496.1,496.1,1809,1563,NA,NA,1563,1563,NA,212,2.74,2.74,2.74,2.74,15,15.36,12.62,135,135,135,135,274,274,135,135,135,108,108,0,13,15,15,15,15,15,112,112,112,112,112,112
"86","Guam",NA,NA,NA,NA,748,460,NA,NA,1578,1578,1663,1750,85,552.2,1663,87,552.2,552.2,552.2,1750,1750,NA,NA,1750,1750,NA,NA,NA,NA,NA,NA,NA,NA,NA,NA,NA,NA,NA,NA,NA,NA,NA,NA,NA,NA,NA,NA,NA,NA,NA,NA,NA,NA,NA,NA,NA,NA,NA
"87","Guatemala",71,71,71,71,2215,2726,3347,3347,4941,8288,9709.1,10637.6,1015,1111,10217,420.6,1580.3,2610.2,2136.5,9782,5530.7,827.4,NA,4703.3,4703.3,NA,944.4,20721.6,21375.6505,21375.6505,21375.6505,21801.6377,21801.6377,426,990.2,990.2,1106.2,1106.2,1519.3,1151.7,7.9,7.9,7.9,19.4,19.4,0,231.6,237.6,300.8,418.3,300.8,300.8,1074.2,1074.2,1102.8,1102.8,1194.6,1102.8
"88","Guernsey",NA,NA,NA,NA,1,304.86,51.35,51.35,310.86,362.21,383.1,227.1,20.89,115.3,227.1,0,115.3,115.3,115.3,227.1,227.1,NA,NA,227.1,227.1,NA,NA,NA,NA,NA,NA,NA,NA,NA,NA,NA,NA,NA,NA,NA,1.13,1.13,1.13,NA,NA,NA,NA,NA,NA,NA,NA,NA,NA,NA,NA,NA,NA,NA
"89","Guinea",379.982,379.982,379.982,379.982,85,270,355,355,386,741,914,1015,173,210.6,914,101,369.6,518.22,338.22,665,525,350,NA,175,175,NA,120,9894,9894,9894,9894,12174,12174,2280,80,80,275,275,325,325,50,50,50,12.3,12.3,0,NA,NA,NA,NA,NA,NA,255,255,255,255,255,255
"90","Guinea-Bissau",70.241,70.241,70.241,70.241,NA,15.02,20.34,20.34,15.02,35.36,35.36,35.36,NA,26,35.36,1.78e-15,28,28,26,27.19,35.36,8.17,NA,27.19,27.19,NA,30.35,2330.089,2330.089,2330.089,2330.089,2752.189,2752.189,422.1,27.4,27.4,35.3,35.3,44.3,44.3,7.3,9,9,11.76,11.76,0,2.94,2.94,2.94,2.94,2.94,2.94,1.9,1.9,1.9,1.9,1.9,1.9
"91","Guyana",1.62,1.69,1.69,1.69,103.42,288,305.73,305.73,429.99,735.72,950.76,979.36,215.01,189.7,950.76,28.6,379.8,379.8,189.7,777.54,979.36,201.82,NA,777.54,777.54,NA,190.18,128.4302135,128.4302135,128.6163109,128.6163109,139.7580733,139.7580733,11.14176245,73.4,73.4,222.42,222.42,295.88,289.48,31.43,67.06,67.06,9.33,9.33,0,15.22,16.07,16.92,17.3,16.91,16.92,144.56,144.56,147.46,147.46,139.27,147.45
"92","Haiti",1296,1296,1296,1296,37,189,184,184,226,410,1022,1033,621,166,1022,11,259,320,227,943,943,90,NA,853,853,NA,138,6493.705528,6493.705528,6753.913519,6753.913519,14708.70279,14708.70279,7954.789272,191,191,392,392,530,530,88,128,128,34,34,0,7,7,7,8,8,7,178,178,178,178,178,178
"93","Honduras",20,20,20,19.9,1809,2195,1548,1548,4004,5552,8360,8038,2809,958,8038,0,1139,1915,1734,7687,5038,351,NA,4687,4687,NA,1106,8308.702791,8308.702791,9058.894362,9058.894362,9184.893268,9184.893268,126,551,551,683,683,761,841,158,158,158,67,67,0,119,119,119,497,120,119,545,545,545,545,497,545
"94","Hungary",1.275,1.275,1.275,1.275,7645,10423,14678,10889,18880,34704,40517,29371,3631,6161,27131,2240,6333,8809,8547,28729,12652,531,1150,8612,12121,38522,63,1456.048166,1973.180077,2432.512315,2432.512315,5018.281336,4959.168035,2526.65572,2414,2357,2874,2868,1421,3489,2,5,7,0,171,0,54,94,446,243,542,267,1278,1278,1278,1278,442,1292
"95","Iceland",NA,NA,NA,NA,1026,842,14682,13631,2144,16830,17475,18122,498,114,17673,449,114,2766,2766,18122,3,NA,NA,3,3,NA,72,NA,NA,NA,NA,NA,NA,NA,121,117,292,292,288,291,1,1,1,188,177,12,1,1,2,2,2,2,132,132,132,132,133,132
"96","India",3187,3187,3187,3187,78391,217405,418346,303929,513804,948327,1283905,1308873,241550,198745,1278907,29966,241396,316379,271722,1146816,1111341,159837,NA,951504,951504,NA,6759,292411.9321,323542.3098,395029.6661,395029.6661,438530.4871,438530.4871,43500.763,50352,47313,61493,61493,191,70540,197,6536,6536,0,3798,1700,16040,16144,17568,8318,19791,17568,18587,18587,18587,18587,328,18587
"97","Indonesia",406,406,406,406,48614,84086,36737,27431,133196,170088,224780,220793.8,21423,45258,215790,5003.8,53692,60587.83,51650.83,175296.8,191991,41513,NA,150478,150478,NA,4122,175714.5047,176620.5802,199723.2622,199723.2622,206307.7176,206307.7176,6584.455391,14186,13713,18401,18371,9739,25820.2,4407,5896,5896,765,1297,1740,5843,5843.4,6722.4,3590,6726,6722.4,22468,22468,23764,23764,14932,23804
"98","Iran (Islamic Rep. of)",7,7,7,7,35171,71163,75689,75689,145359,221411,259832,274609,34610,57500,265720,8889,63080.6,73000.7,67420.1,268339,255917,6270,NA,249647,249647,NA,13518,8100,8100,8100,8100,8100,8100,6,17466,17465,23227,23227,259,29672,7464,7480,7480,NA,1248,4,1636,2020,2060,38,4150,2060,18649,18649,18721,18721,1230,17586
"99","Iraq",25,25,25,25,2866,15826,10071,10071,33922,43993,78306,67768,34312,23076,66055,1713,23076,25589,25589,67768,64837,NA,NA,64837,64837,NA,12692,NA,29.88505747,29.88505747,29.88505747,203.1746032,203.1746032,173.2895457,4494,4494,6741,6741,11229,16328,9915,9915,9915,312,527,0,1668,1668,1668,328,1668,1668,4707,4707,4707,4707,1851,4304
"100","Ireland",NA,NA,NA,NA,6439,7704,9396,7689,14701,24136,26955,26314,2044,5995,25307,1007,6337,9078,8735,24241,20185,2072,NA,18113,18113,NA,111,117.6792556,245.210728,740.8866995,740.8866995,808.5385878,1000.766284,266.7761357,2430,2389,3151,3151,2227,3198,7,7,7,898,704,190,55,65,120,98,127,120,1146,1144,1146,1146,882,1151
"101","Isle of Man",NA,NA,NA,NA,4,157,137,137,231,368,418,504,50,185.1,461,43,185.1,186.1,186.1,504,500,NA,NA,500,500,NA,NA,NA,NA,NA,NA,NA,NA,NA,NA,NA,NA,NA,NA,NA,NA,NA,NA,NA,NA,NA,NA,NA,NA,NA,NA,NA,NA,NA,NA,NA,NA,NA
"102","Israel",6,6,6,6,15953,15981,15211,14667,36107,51318,53980,60813,1738,15064,58824,1989,15526,16223,15078,57478,59954,2490,NA,57464,57464,NA,843,20.03284072,20.03284072,20.03284072,20.03284072,20.03284072,20.03284072,0,2505,2505,2529,2529,499,2696,17,17,17,129,1061,0,120,249,638,231,704,438,2844,2844,2844,2844,566,2832
"103","Italy",60,70,70,70,88489,64255,112918,80360,158117,281498,310535,279827,19451,67419,269148,10679,71272,121762,117688,264085,175510,14749,73296,90017,160761,131892,2257,25213.7931,25584.01752,26906.40394,26906.40394,28995.18336,35993.76026,9087.356322,23576,22940,27569,27262,3168,27792,91,119,226,1574,2995,736,983,1420,3154,2204,3351,3112,8095,8095,8797,8412,385,8848
"104","Jamaica",38.4,38.4,38.4,38.4,1050.9,981.7,957.7,957.7,2050.3,3008,4111,4123,1103,611.5,4111,12,873.7,944.5,643.6,2462,3869,1542,NA,2327,2327,NA,1273.841,89.10344828,89.10344828,89.10344828,89.10344828,303.5862069,303.5862069,214.4827586,221.604,221.604,263.2436,263.2436,301.36,419.2613,188.611,188.611,188.611,112.105,196.04,-5.752,30.773,68.198,69.898,67.382,72.558,69.898,459.8514,459.8514,470.9662,470.9662,316.3934,419.381
"105","Japan",12,12,12,12,340634,273938,295623,180972,638038,951487,998941,1040676,45414,143777,1006879,33797,194857,315318,234028,864204,921613,130206,NA,791407,791407,13697,17463,54.40613027,54.40613027,524.4663383,524.4663383,4874.110564,4874.110564,4349.644226,21211,20059,36693,36551,570,38441,298,725,725,467,6026,4263,4048,6699,12428,11645,15625,8850,39004,39004,39004,39004,1107,38309
"106","Jersey",NA,NA,NA,NA,61.6,302.8,285.2,285.2,364.4,649.6,696.7,135.3,44.9,212,115.4,19.9,240,240,212,98.8,135.3,36.5,NA,98.8,98.8,NA,NA,NA,NA,NA,NA,NA,NA,NA,12.2,12.2,30.2,30.2,NA,NA,20.8,20.8,20.8,NA,NA,NA,NA,NA,6.342495,NA,NA,6.342495,39.59367946,39.59367946,39.59367946,39.59367946,NA,NA
"107","Jordan",47.464,47.464,47.464,47.464,2673.3,6583.4,3779.8,3582.8,11540.9,15320.7,18009,18270.4,2569,3987,17638,632.4,4186,4199.4,4000.4,17887.4,18210,383,NA,17827,17827,NA,2041.1,66.531,66.531,66.531,66.531,334,334.041,267.51,1102.5,1102.5,1559.3,1559.3,2373.4,3276.4,1633.9,1633.9,1633.9,25.8,118.8,209,295.23,359.5,367.05,281.8,366.92,367.05,1165.2,1165.2,1165.2,1165.2,520,1152.9
"108","Kazakhstan",3.6,3.6,3.6,3.58,8475,11629,45529,19419,20860,68900,84122,105068,7082,22500,85290,19778,22500,25011,25010,105067,96791,NA,NA,NA,96791,398902,1190,100.711549,100.711549,100.711549,100.711549,100.711549,100.711549,3,555,364,3877,3877,618,3811,NA,NA,NA,NA,226,75,249,285,431,1,456,431,3814,3814,3814,3814,1143,3825
"109","Kenya",6387.2,6387.2,6387.2,6387.2,1485.6,1947.2,3988,3988,3797.7,7785.7,9226.6,9138.6,1662.2,734.1,9095.2,43.4,734.1,2094.4,2094.4,9138.6,2635.2,NA,NA,2585.2,2635.2,NA,328.1,12458,12458,12458,12458,64984,64984,38684,1474.8,1459.8,1618.8,1618.8,8289,1708,170,170,170,209.9,209.9,-37.6,130.3,132.2,149.7,159.1,149.7,149.7,880,880,891.8,891.8,3850.2,894.5
"110","Kiribati",0.377,0.377,0.377,0.377,NA,22.9,NA,NA,22.9,22.9,22.9,24.3,NA,5.45,22.9,1.4,5.45,6.021,6.021,24.3,24.3,NA,NA,24.3,24.3,NA,NA,1.061,1.061,1.061,1.061,3.14,3.261,2.2,6.5,6.5,6.5,6.5,13.2,13.2,6.7,6.7,6.7,1.1,1.1,0,0.12,0.12,0.12,0.12,0.12,0.12,4.2,4.2,4.2,4.2,4.2,4.2
"111","Korea, Dem.Ppl's.Rep.",162,162,162,162,NA,NA,6689,6689,6689,13378,16210,17909,2832,4500,16210,1699,4500,9500,9500,17909,4909,NA,NA,4909,4909,NA,372,NA,3467.104543,3467.104543,3467.104543,5027.695676,5027.695676,1560.591133,235,235,235,235,44,235,NA,NA,NA,NA,NA,NA,NA,NA,NA,NA,NA,NA,189,189,189,189,11,189
"112","Korea, Republic of",NA,NA,NA,NA,148741,62928,259606,156464,225225,486834,523363,550933,18270,62121,530007,20926,69122,99830,92115,517962,381510,32466,137487,324873,349044,66305,6495,103.9956212,3881.226054,7031.636563,7031.636563,8139.354132,8139.354132,1107.71757,15928,15723,20120,20120,831,19586,94,121,122,NA,4032,1311,745,1511,7295,5344,7155,5635,8612,8612,8612,8612,NA,7539
"113","Kuwait",51.645,51.645,51.645,51.645,15431,27621,NA,NA,43052,43052,57553,65140,7596,15719,57553,7587,15819,15819,15719,65140,65140,NA,NA,65140,65140,NA,7530,2,2,2,2,19.25,19.821,17.79,1318,1318,2197,2197,NA,3588,1391,1391,1391,NA,708,0,141,141,141,NA,141,141,2871,2871,2871,2871,NA,2871
"114","Kyrgyzstan",NA,NA,NA,NA,895,7705,1175,1132,9577,10984,14516,14572,3458,795,14302,270,800,3864,3859,14552,1274,20,497,NA,1254,13361,210,11.16584565,13.24575765,13.24575765,13.24575765,14.23098,14.23098,NA,326,316,503,503,509,503,NA,NA,NA,96,4,2,NA,NA,NA,NA,NA,NA,417,417,432,432,676,441
"115","Lao People's Dem. Rep.",NA,NA,NA,-77.994,NA,1424,1564,1564,2204,3768,4741,4380,400,50,3885,495,50,3284,3108,4185,300,NA,NA,300,300,NA,34.3,5762.286,5762.286,5762.286,5762.286,5899.357,5899.286,137,25.3,25.3,25.3,25.3,25.3,25.3,NA,NA,NA,12.5,11.2,1.3,21.2,21.2,21.2,21.2,21.2,21.2,29,29,29,29,29,29
"116","Latvia",3,3,3,3,2882,1747,1667,1592,4798,6582,7047,5141,465,1265,4732,409,1306,2967,2924,4884,3006,246,2003,2,2760,23737,1,3420,3934,6011,6011,10325,7668,1657,670,598,881,881,1449,888,NA,0,0,111,106,1,22,26,93,197,93,93,196,196,205,205,215,213
"117","Lebanon",19,19,19,19,2715,6180,4255,4255,11955,16210,18088,17952,1879,2038,17952,0,2988,3261.6,2311.6,12387,17759,5565,NA,12194,12194,NA,1456,449.69896,449.69896,449.69896,449.69896,546.031746,546.031746,96.33278599,36,36,717,717,3317,3317,1334,2600,2600,229,229,0,247,247,247,247,247,247,1720,1720,1720,1720,1720,1720
"118","Lesotho",103.914,103.914,103.914,103.914,210,250,225,225,460,685,783.48,515.2,98,NA,515.2,0,NA,80,80,515.2,NA,NA,NA,NA,NA,NA,NA,1500.509,1500.509,1500.509,1500.509,2123.509,2123.509,623,60,60,84,84,84,84,NA,NA,NA,0.4,0.4,0,8.8,8.8,8.8,8.8,8.8,8.8,77.6,77.6,77.6,77.6,77.6,77.6
"119","Liberia",271.535,271.535,271.535,271.535,NA,NA,NA,NA,256,256,280,300,24,21,280,20,91,91,21,100,300,200,NA,100,100,NA,30,NA,6414.644,6414.644,6414.644,8043.818,8043.818,1629.174,47.676399,47.676399,72.165599,72.165599,148.3172437,143.2685437,61.227112,61.227112,61.227112,25.078,5.6411,19.4369,NA,3,3,3,3,3,53.7500766,53.7500766,53.7500766,53.7500766,59.6773501,59.6773501
"120","Libya",NA,NA,NA,NA,3837,4288,1560,1560,9330,10890,37187,37731,26297,9455,37099,632,9455,9455,9455,37731,37731,NA,NA,37731,37731,NA,1719,693.2676519,693.2676519,693.2676519,693.2676519,693.2676519,693.2676519,NA,2168,2168,2168,2168,4218,5496,3328,3328,3328,NA,119,0,303,303,303,NA,303,303,3822,3822,3822,3822,3306,3822
"121","Liechtenstein",NA,NA,NA,NA,NA,NA,NA,NA,395.3,395.3,395.3,40.4,NA,1,40.4,0,1,13,13,40.4,2.5,NA,NA,0,2.5,NA,NA,18.139,18.139,18.139,18.139,18.139,18.139,NA,NA,NA,NA,NA,NA,NA,NA,NA,NA,NA,NA,NA,NA,NA,NA,NA,NA,NA,NA,NA,NA,NA,NA,NA
"122","Lithuania",1,1,1,1,3218,2656,3119,2349,6055,9237,10824,4397,815,2778,4144,253,3026,4285,4012,3661,2354,493,1177,NA,1861,31243,114,2329.611385,2536.07006,2910.125889,2910.125889,5117.569787,4968.582376,2057.471264,1182,1118,1266,1266,1010,539,NA,1,1,29,75,744,32,35,170,112,230,170,193,193,193,193,22,135
"123","Luxembourg",NA,NA,NA,NA,1948,942,3175,1171,2930,6228,6336,2967,120,465,2938,29,524,2022,1851,2696,1623,170,605,89,1453,2982,0,98.41269841,101.0399562,196.6064587,196.6064587,275.0957854,267.5424193,70.93596059,1738,1734,1956,1956,1969,1955,NA,0,0,394,394,0,NA,7,8,9,8,8,310,310,310,310,310,310
"124","Madagascar",1559.968,1559.968,1559.968,1559.968,78,554.87,633.274,633.274,632.87,1266.144,1633.5,1658.5,42,347,1633.5,25,379,508,476,1488.5,773.94,170,NA,603.94,603.94,NA,90,4248.881,4248.881,4248.881,4248.881,13609,13608.881,9360,200,200,280,280,400,400,120,120,120,54,54,0,13,13,13,13,13,13,95,95,95,95,95,95
"125","Malawi",538.982,538.982,538.982,538.982,230,550,570,570,1209,1779,1977.1,2097.51,198,1.1,1995,102.51,211.1,501.45,286.95,1916.5,181.01,176.01,NA,5,5,NA,2,2420.985,2420.985,2420.985,2420.985,5660.073,5658.753,3237.768,123.35,123.35,123.35,123.35,170.15,170.15,1.8,46.8,46.8,8,7,1,NA,NA,2.2,2.2,2.2,NA,95.78,95.78,95.78,95.78,95.78,95.78
"126","Malaysia",NA,NA,NA,-1.78e-15,41445,27266,58948,58948,69129,128333,131887,147461,0,22695,131876,15585,25039.7,29974,27623,142788,133846,4673,NA,129173,129173,NA,576,2488.467,2488.467,2488.467,2488.467,2664.379,2662.971,174.504,8132,8132,10005,10005,5834,10507,612,637,637,369,2447,603,588,1250,2417,382,2374,1359,11738,11738,12092,12092,7741,12355
"127","Maldives",1.137,1.137,1.137,1.137,5.7,150,NA,NA,294.91,294.91,310.91,328.91,16,266,310.91,18,266,270.5,270.5,328.91,326.91,NA,NA,326.91,326.91,NA,NA,11.554,11.554,11.554,11.554,16.048,16.554,5,240,113,248,248,386,342,94,94,94,223.024,187,36.024,13.656,13.656,13.656,13.656,13.656,13.656,36.393,20.393,36.393,36.393,44.393,36.393
"128","Mali",170.89,170.89,170.89,170.89,420,250,670,670,670,1340,1379.37,1679.37,140,290,1679.37,1.14e-13,400,890,780,1627.37,959.35,52,NA,907.35,907.35,NA,37,4534.7,4534.7,4534.7,4534.7,5567.6,5564.9,1030.2,45,45,45,45,323,323,267,278,278,22,22,0,NA,NA,NA,NA,NA,NA,67,67,76,76,76,76
"129","Malta",0.38,0.38,0.38,0.38,940,640,413,369,1619,2032,2137,2245,105,620,2137,108,623,698,675,2170,2177,7,1,2170,2170,NA,475,4.926108374,4.926108374,4.926108374,4.926108374,NA,4.926108374,NA,100,91,137,137,406,195,54,54,54,108,108,1,11,19,22,22,21,22,72,72,73,73,78,73
"130","Marshall Islands",NA,NA,NA,NA,NA,NA,NA,NA,74.2,74.2,85.2,85.2,11,33,85.2,0,33,33.5,33.5,85.2,85,NA,NA,85,85,NA,NA,NA,NA,NA,NA,NA,NA,NA,NA,NA,NA,NA,33.24,33.24,18.5,18.5,18.5,NA,NA,NA,NA,NA,NA,NA,NA,NA,NA,NA,NA,NA,NA,NA
"131","Martinique",1.89,1.89,1.89,1.89,NA,485.436,30,30,1514.147,1544.147,1562,1764.463,7.9,424,1562,202.463,428,491.6,487.6,1734.463,1718.798,30,NA,1688.798,1688.798,NA,383.134,NA,NA,NA,NA,10,10,10,130,130,130,130,36.292,155.447,26,26,26,NA,85,0,NA,11.814,11.814,2.858,11.814,11.814,123.391,123.391,123.391,123.391,16.6,123.391
"132","Mauritania",206.3,206.3,206.3,206.3,414,236,211.9,211.9,650,861.9,890.3,910,164.1,236.25,755.3,154.7,315,315,236.25,530,910,380,NA,530,530,NA,207.1,768.2,768.2,768.2,768.2,2006,2006,1237.8,275,275,360.7,360.7,477.2,477.2,45,116.5,116.5,28.6,28.6,0,46.2,46.2,46.2,46.2,46.2,46.2,25.7,25.7,25.7,25.7,25.7,25.7
"133","Mauritius",0.6,0.6,0.6,0.6,895.6,806.5,715.2,715.2,1736.8,2452,2892.9,2935.9,182,428,2892.9,43,703,783,490,1175.3,2817.3,1736,NA,1081.3,1081.3,NA,266,15,15,16,16,18,18,3.6,166,165,204,204,304,206,1,1,1,232,122,122,48,62,71,76,76,71,140,137,140,140,138,141
"134","Mayotte",1,1,1,1,83.7,190,NA,NA,273.7,273.7,283.3,299.3,10,78,283.3,16,78,91,91,299.3,282.7,NA,NA,282.7,282.7,NA,NA,26.5,26.5,26.5,26.5,26.5,26.5,NA,19,19,19,19,81,78.5,59.5,59.5,59.5,4.4,4.4,0,2.7,2.7,2.7,2.7,2.7,2.7,12,12,12,12,12,12
"135","Mexico",0,0,0,0,22944,53914,142326,129909,108764,252220,289521,301496,41322,39294,290050,11446,48893,66238,54379,258258,240279,37933,NA,202346,202346,NA,8198,27338.25944,27338.25944,27338.25944,27338.25944,27835.13957,27835.13957,496.8801314,14909,13562,19183,19183,6588,25288,313,497,497,545,3034,-14,5353,6798,8900,2893,8866,8870,32434,32434,32434,32434,14891,32445
"136","Micronesia (Fed. States of)",0.36,0.36,0.36,0.36,26,25,4,4,51,55,69.56,69.56,14.56,31.5,69.56,0,31.5,34.3,34.3,69.56,67.56,NA,NA,67.56,67.56,NA,NA,0.62,0.62,0.62,0.62,2.57,2.79,2.17,11,NA,11,11,27,27,16,16,16,4.3,1,3.3,NA,NA,NA,NA,NA,NA,17.85,5,17.85,17.85,17.85,17.85
"137","Mongolia",NA,NA,NA,NA,NA,1251.4,3171.6,3171.6,1775.5,5158.5,7268.4,6725,792.6,1190,5952.6,772.4,1370,1370,1190,5375.8,6725,1349.2,NA,215,5375.8,42003.3,3.1,600,600,600,600,600,600,NA,NA,NA,608.8,608.8,685.9,685.9,77,77,77,NA,NA,NA,NA,NA,NA,NA,NA,NA,416,416,416,416,416,416
"138","Montenegro",0.67,0.67,0.67,0.67,623,1182,760,740,1818,2610,3166,3040,557,210,2905,135,210,870,868,3038,1322,NA,NA,1322,1322,NA,4,689,708,747,747,797,751,4,127,125,170,170,177,170,NA,NA,NA,18,17,0,1,2,16,18,16,16,33,33,35,35,43,35
"139","Montserrat",NA,NA,NA,NA,5.521,5.343,9,9,10.864,19.864,22,24,3,5.44,22,2,5.44,5.44,5.44,24,24,NA,NA,24,24,NA,NA,NA,NA,NA,NA,NA,NA,NA,3.4,NA,3.4,3.4,9.9,8.9,5.5,5.5,5.5,0.02,0.02,0,0.6,0.6,0.6,0.6,0.6,0.6,5.4,5.4,5.4,5.4,5.4,5.4
"140","Morocco",112.76,112.76,112.76,112.76,5368,9577,10505,9532,17969,28806,34086,29142,4227,4657,28595,547,4993.25,7263.25,6927,27945,25185,1197,NA,23988,23988,NA,1661,6027.51,6027.51,6027.51,6027.51,6699.7,6699.71,672.2,4240,4231,5199,5199,2990,5174,15,15,15,30,630,0,2026,2185,2305,2244,2315,2305,556,556,570,570,181,540
"141","Mozambique",712,712,712,715,60,1629,10651,10651,1691.32,12342.32,14958,17739,2612,359,17501,238,359,2682.36,2596,17271,1379,NA,NA,1379,1379,NA,0,28448.4948,28448.4948,32483.08703,32483.08703,39186.86371,39186.86371,6703.776683,796.3381,796.3381,929.0611,929.0611,1327,1307,371.6244,371.6244,371.6244,156,120,36,21,23,23,23,23,23,427,427,427,427,404,434
"142","Myanmar",28,28,28,28,NA,4112.83,7142.12,7142.12,4112.83,11254.95,14004.5,14156.3,2749.54,1164,14004.5,151.8,1620,4805,4177,11197.39,5327.46,2281.08,NA,3046.38,3046.38,NA,71.83,47030.65134,47030.65134,47030.65134,47030.65134,47316.69403,47316.69403,286.0426929,351,351,1786,1786,2226.46,2881.76,100,100,100,114.01,40,89.47,NA,27,27,22.5,23.17,27,741,741,906,906,893.8,1336.6
"143","Namibia",7,7,7,7,NA,NA,716,716,3031,3747,4300,1498,543,155,1498,0,155,487,487,1498,13,NA,NA,13,13,NA,17,410.9469075,410.9469075,410.9469075,410.9469075,1363.765736,1363.765736,952.8188287,290,268,722,722,726,726,4,4,4,54,43,11,NA,2,12,12,12,12,299,299,301,301,301,301
"144","Nauru",NA,NA,NA,NA,13.25,10,NA,NA,23.25,23.25,25.054,25.054,1.8,6,25.054,0,6,6.07,6.07,25.054,25,NA,NA,25,25,NA,5.3,NA,NA,NA,NA,NA,NA,NA,1.6,NA,1.6,1.6,8.7,8.7,7.1,7.1,7.1,1.37,1.37,0,0.01,0.01,0.01,0.01,0.01,0.01,1.26,NA,1.26,1.26,1.26,1.26
"145","Nepal",82.137,82.137,82.137,82.137,453.12,1571,1251.69,1251.69,2233.28,3491.19,4808.26,3507.65,750,53.4,3492.91,14.74,53.4,829.19,654.19,3367.65,9.65,NA,NA,9.65,9.65,NA,2.2,39848.88944,39848.88944,39848.88944,39848.88944,41725.88944,41748.88944,1900,783.7,783.7,921.7,921.7,921.7,921.7,NA,NA,NA,139.4,139.4,0,147,247.3,258.3,258.3,258.3,258.3,287.5,287.5,287.5,287.5,287.5,287.5
"146","Netherlands",9,9,9,9,35506,22896,33289,18372,66625,101630,113501,103418,4934,22092,98774,4644,27286,31762,24969,81458,92488,20048,54046,45153,72440,93111,2217,1982.594417,2350.410509,2841.269841,2841.269841,4474.54844,3819.704433,978.4345922,5869,5540,6929,6929,15403,7382,NA,68,68,2614,3481,68,22,49,3787,4823,4788,267,3816,3816,3816,3816,9500,-2967
"147","New Caledonia",0.12,0.12,0.12,0.12,355.3,272,1826,1826,627.3,2453.3,2559,2621.84,105,504.6,2559,62.84,564.6,682.7,622.2,2380.24,2271.8,241,NA,2030.8,2030.8,NA,439.7,NA,0.16092,0.16092,0.16092,NA,0.16092,NA,121.2,115.1,229.1,229.1,343.2790698,335.4790698,6.3,63.3,63.3,9.67,4.67,5,8,8,17.7,17.7,17.7,17.7,69.683973,69.683973,70.383747,70.383747,70.383747,70.383747
"148","New Zealand",NA,NA,NA,NA,9353,12362,13875,12904,24699,38636,42239,43553,2847,2520,42239,1314,2741,9704,9434,42155,9694,1277,NA,7129,8417,NA,70,628.8998358,628.8998358,4504.871374,4504.871374,4938.47838,4938.47838,433.607006,1959,1855,2752,2752,765,2711,0,0,0,141,791,326,58,83,152,1,156,152,2221,2221,2260,2260,1090,2384
"149","Nicaragua",20,20,20,19,1039,1070,1105,1105,2220,3325,4256,4444,926,733,4283,161,867,1328.9,1194,3899,2541,544,NA,1997,1997,NA,474,4103.119869,4422.44116,4526.765188,4526.765188,4590.58566,4590.58566,124.137931,355,300,506,506,285,515,9,15,15,NA,21,7,40,84,94,83,98,94,245,245,266,266,163,268
"150","Niger",48.15,48.15,48.15,48.15,76,500.5,214.5,214.5,582.8,797.3,961.9,438.757,185,134,387.8,50.957,172,176,134,382.752,438.752,56,NA,382.752,382.752,NA,0.34,6287.065704,6287.065704,6287.065704,6287.065704,6575.951515,6575.951515,288.8858118,171.6,171.6,254,254,10.1,304.4,NA,46,46,32,29,3,15.2,15.2,15.2,0,35.6,15.2,146.3,146.3,146.3,146.3,3.06,140.19
"151","Nigeria",3828,3844,3844,3844,6379,14003,4057,4057,20382,24439,29520,30390,4895,5418,29520,870,8418,10396,7356,24808,25044,5473,NA,19571,19571,NA,665,168895.3476,179041.5982,197529.7209,197529.7209,249372.1949,249372.1949,51842.474,518,506,528,528,NA,553,NA,NA,NA,255,302,0,21,61,62,NA,72,62,6323,6323,6323,6323,5781,6323
"152","Niue",0.003,0.003,0.003,0.003,1.234166667,1.048056,0.565555556,0.565555556,2.282222667,2.847778222,3.06,3.226666667,0.211111,2.084,3.06,0.166666667,2.084,2.427,2.427,3.226666667,3.16,NA,NA,3.16,3.16,NA,NA,0.028,0.028,0.028,0.028,0.046,0.046,0.018,0.22834886,0.226907,0.289162395,0.289162395,1.178,1.178,0.73,0.73,0.73,0.500454,0.498889,0.001565,0.0188,0.0344,0.0344,0.0342,0.0342,0.0344,0.653815,0.653815,0.678329673,0.678329673,0.67833,0.67833
"153","Northern Mariana Islands",NA,NA,NA,NA,NA,97.7,NA,NA,325.7,325.7,418.9,418.9,93.2,94.5,418.9,0,94.5,94.5,94.5,418.9,418.9,NA,NA,418.9,418.9,NA,NA,NA,NA,NA,NA,NA,NA,NA,NA,NA,NA,NA,NA,NA,NA,NA,NA,NA,NA,NA,NA,NA,NA,NA,NA,NA,NA,NA,NA,NA,NA,NA
"154","Norway",38.359,38.359,38.359,38.359,23186,37124,45334,32309,62313,108409,124139,142327,8586,607,141620,707,1600,33651,31577,134656,3172,2651,0,130,521,17422,1237,2077.394636,2259.441708,3304.433498,3304.433498,3852.326218,3869.293924,564.8604269,3213,2659,4254,4254,1113,4612,NA,11,12,385,491,507,8,16,721,167,1037,148,899,860,921,921,166,1407
"155","Oman",23.368,23.368,23.368,23.368,8685,11959,4189,4189,20984,25173,28343,29128,3170,8214.1,28343,785,8214.1,8214.1,8214.1,29128,29128,NA,NA,29128,29128,NA,1470,4.591,4.591,4.591,4.591,44.005,44.029,39.438,1210,1210,2301,2301,NA,2480,179,179,179,NA,507,0,152,152,152,NA,118,152,2759,2759,2759,2759,NA,2759
"156","Other Asia",NA,NA,NA,NA,28949,45174,135069,81624,95609,231999,244755,260025,8960,30011,248425,11600,37390.9,48475.6,41095.7,221954,208145,38071,NA,166423,170074,NA,5793,NA,NA,493.48659,493.48659,1136.617406,1136.617406,643.1308155,3886,3781,4639,4639,NA,4407,70,70,70,NA,2398,275,906,959,2492,1700,2560,1279,7281,7281,7314,7314,NA,3571
"157","Pakistan",80.24,80.24,80.24,80.24,11745,40390,25510,25510,60818,86328,101932,105305,18333,7330,101504,3801,15888,23686,15128,61048,68390,44257,NA,24133,24133,NA,10243,29053,29053,29053,29053,29533,29533,480,6285,6043,6965,6965,2709,7269,304,304,304,130,208,680,245,562,562,93,562,562,3997,3997,4062,4062,2392,4062
"158","Palau",NA,NA,NA,NA,44.6,17.5,3.1,3.1,62.1,65.2,73.7,79,10.7,28.05,73.7,5.3,30.05,30.05,28.05,72.9,79,6.1,NA,72.9,72.9,NA,31.7,NA,NA,NA,NA,NA,NA,NA,2.4,2.4,2.4,2.4,23.7,23.7,19.7,21.3,21.3,16.8,16.8,0,NA,NA,NA,NA,NA,NA,27.3,27.3,27.3,27.3,27.3,27.3
"159","Panama",1.272,1.272,1.272,1.272,4545.4,2561.3,689.2,689.2,7123.6,7831.6,9370.2,9287,1328,938.8,9275.8,11.2,1147.8,2828.6,2559.6,9256.1,4135.6,30.9,NA,4104.7,4104.7,NA,35,627.3,627.3,781.9,781.9,787.2,787.2,5.3,570,570,1161,1161,1302,1161,222,222,222,557.82,585.46,-75.82,115,117.1,169.7,199,170,169.7,675.63,675.63,737.87,737.87,687.45,737.87
"160","Papua New Guinea",6.5,6.5,6.5,6.5,70,833.3333333,3055.555556,3055.555556,955.3333333,4010.888889,4169,4169,158,150,4169,0,650,975,320,975,2752,2412,NA,340,340,NA,495.049505,5494.672,5494.672,5494.672,5494.672,5533,5533,38.328,302.325581,302.325581,906.976744,906.976744,581.395349,1116.395349,NA,209.302326,209.302326,45.351474,56.6893424,56.6621316,NA,4.22833,21.14164924,0,21.141649,21.14164924,112.866817,112.866817,112.866817,112.866817,90.293454,112.866817
"161","Paraguay",285.62,322.74,322.74,322.74,232.1,4323.4,3801.4,3801.4,5993.2,9794.6,13432,55282.3,3637.4,14.7,54832.1,450.2,14.7,8824.7,8824.7,55282.3,5.9,NA,NA,5.9,5.9,NA,42.66,NA,4293.93,7275.69,7275.69,10116.93,10116.93,2841.24,1160.17,1160.17,1160.17,1160.17,1169.85,1161.49,1.32,1.32,1.32,36.94,37.19,0,NA,70.27,81.24,82.25,81.24,81.24,554.61,554.61,554.61,554.61,409.3,554.61
"162","Peru",63,63,63,63,7817,8923,21798,11403,17884,39719,44708,45508,5018,5942,44708,800,7302,11202.7,9738.7,42844,22882,2104,NA,20778,20778,NA,524,11351,11373,11373,11373,11995,11995,622,3742,3682,4509,4509,2316,5832,31,118,118,153,796,22,737,814,1592,0,1601,1592,1455,1272,1493,1493,108,2262
"163","Philippines",1854.4,1854.4,1854.4,1854.4,18760.8,20968.9,21428.6,15758.7,41805.1,63344.7,70615.2,77295.3,7270.4,12046,70615.2,6680.1,12056,17970,17944,77261.3,57664.3,17,NA,57647.3,57647.3,NA,2041.9,18142.06897,18827.44828,19539.86207,19539.86207,19539.86207,19539.86207,NA,4968.9,4571.9,6770.1,6770.1,4196.8,7194.7,342.6,342.6,342.6,844,1054,563.4,717.1,965.2,1122.2,798.2,1090.1,1122.2,3034.8,2886.3,3039.2,3039.2,1744.4,3012.8
"164","Poland",NA,NA,NA,NA,45214,28083,48059,33411,74797,125863,146558,159059,10250,27942,145214,13845,29760,35989,34141,150178,148500,8729,17824,NA,139771,257778,783,6795.183361,8999.014779,13641.70772,13641.70772,22043.67816,22043.67816,8263.601533,9489,9396,11815,11815,1452,11745,NA,21,39,27,569,22,490,631,2399,2032,2359,2283,3572,3572,3577,3577,371,3588
"165","Portugal",54,55,55,55,16756,11915,15395,11878,29498,45195,51348,52802,5209,6205,51526,1276,8113,19125,17020,44367,23440,8117,21332,15131,15323,35,470,4721.291735,4721.291735,4721.291735,4721.291735,4882.758621,4882.758621,161.4668856,4001,3956,4619,4619,699,4602,20,21,21,108,961,165,373,446,990,824,975,540,1092,1092,1092,1092,154,1081
"166","Puerto Rico",NA,NA,NA,NA,8720.3,8298.5,2338.2,2338.2,17363.7,19701.9,20521.5,21316.8,569.6,5739,20521.5,795.3,5800,6036.1,5975.1,21066.8,20969.2,250,NA,20719.2,20719.2,NA,NA,NA,NA,NA,NA,NA,NA,NA,NA,NA,NA,NA,NA,NA,NA,NA,NA,NA,NA,NA,NA,NA,NA,NA,NA,NA,NA,NA,NA,NA,NA,NA
"167","Qatar",7.74,7.74,7.74,7.74,5680,13731,11568,11568,22216,33784,36124,38692,2341,2190,36124,2568,8751,8751,2190,3502,38692,35190,NA,3502,3502,NA,0,4.3,4.3,4.3,4.3,5.1,8.7,4.4,2792,2792,2792,2792,12,-1498,NA,NA,NA,NA,1254,0,113,113,862,NA,926,113,1676,1676,1676,1676,NA,1676
"168","Republic of Moldova",1,1,1,1,988,1659,905,853,2696,3648,4178,963,481,330,836,127,403,421,347,891,902,71,3041,831,831,7425,16,1336,1370,1375,1373,1418,1380,5,395,392,457,457,457,465,0,0,0,27,25,0,58,62,77,78,78,77,159,159,159,159,151,159
"169","Réunion",15.36,15.36,15.36,15.36,NA,1182.6,NA,NA,2597.7,2597.7,2857.2,2857.2,259.3,510.4,2857.2,1.99e-13,510.4,833.7,833.7,2857.2,2179.8,NA,NA,1915.5,2179.8,2015.5,138.9,12.53,12.53,12.53,12.53,100.81,100.81,88.28,321.1,321.1,369.8,369.8,375.9,375,5.2,5.2,5.2,152.7,48.2,112.5,21.1,21.1,21.1,21,21.1,21.1,92.6,92.3,92.6,92.6,92.9,92.6
"170","Romania",10.4,10.4,10.4,10.4,8223,11910,19855,11166,20988,41905,52957,65676,7097,8981,60699,4977,11323,24054,20896,59581,26903,5037,6222,12279,21866,71534,142,14295.34756,14542.3098,15725.01368,15725.01368,16709.35961,16581.6092,830.2534209,3520,3376,4173,4173,994,4417,2,9,59,16,178,-13,182,209,397,132,486,397,1303,1303,1344,1344,80,1384
"171","Russian Federation",43.45,43.45,43.45,43.45,151774,145919,333701,225612,313873,737830,983691,1064207,106567,157592,994657,69550,182465,259020,233660,997475,705598,65186,2706594,NA,640412,2480625,9050,4521.291735,8762.1237,9131.143952,9131.143952,12689.76464,12658.01861,3877.7237,15379,12736,26328,26328,89,28178,NA,2015,2015,28,5513,5619,5598,6039,15036,138,15147,6733,36425,36086,36425,36425,1059,36503
"172","Rwanda",610,610,610,610,NA,355.4,82.9,82.9,355.4,438.3,523.9,476.1,85.6,42,438.2,37.9,42,118.6,118.6,476.1,290,NA,NA,290,290,NA,3.8,4840,4840,5440,5440,9100,9100,3660,64.39,64.39,70.89,70.89,138.89,138.89,68,68,68,34.81,20,14.81,NA,NA,NA,NA,NA,NA,71.46,71.46,77.76,77.76,77.76,77.76
"173","Samoa",0.527,0.527,0.527,0.527,NA,27.44,17.64,17.64,80.36,98,117,120.6,19,23.2,117,3.6,25.7,37.5,35,115.6,85,5,NA,80,80,NA,NA,67.206,67.206,67.206,67.206,70,70.08,2.874,14,10.5,20.4,20.4,40.4,40.4,19,20,20,NA,NA,NA,0.8,1.35,1.35,1.4,1.4,1.35,21.5,21.5,22.1,22.1,22,22
"174","Sao Tome and Principe",9.2,9.2,9.2,9.2,26,25,NA,NA,51,51,67,67,16,16,67,0,16,18.5,18.5,67,60,NA,NA,60,60,NA,NA,54.6,54.6,54.6,54.6,110,110,55.4,NA,NA,9,9,23.5,23.5,14.5,14.5,14.5,10,10,0,0.1,0.1,0.1,0.1,0.1,0.1,8,8,8,8,8,8
"175","Saudi Arabia",9,9,9,9,82549,135908,48442,28281,223673,272115,304240,311806,21144,49777,304240,7566,65506,65507,49778,214588,311805,97218,NA,214587,214587,NA,20799,0.547345375,0.547345375,0.547345375,0.547345375,NA,0.547345375,NA,18536,18536,22431,22431,11474,36855,10665,12585,12585,NA,2294,765,990,990,4131,NA,4450,990,22357,22357,22357,22357,6766,22357
"176","Senegal",497,497,497,497,817,1064,887,686,2323,3210,3688,3406,478,489,3370,36,854,875,489,2858,3335,477,NA,2858,2858,NA,619,3285.16694,3285.16694,3285.16694,3285.16694,7843.349754,7843.349754,4558.182813,619,619,649,649,476,793,130,144,144,248,262,2,97,102,106,105,106,106,144,106,144,144,58,47
"177","Serbia",1,2,2,2,4566,13802,7156,5711,18666,26158,32564,34060,5163,5140,31899,2161,5175,8385,8350,33771,22437,289,8739,11049,22148,21955,241,3902.463054,4120.853859,4703.0104,4703.0104,5092.28243,4827.476738,120.9633279,1294,1278,1532,1532,434,1538,NA,25,25,0,66,2,35,53,295,161,299,295,384,384,395,395,53,395
"178","Seychelles",NA,NA,NA,NA,37.5,93.4,181.7,181.7,130.9,312.6,352.4,362.8,40.7,80.3,352.4,10.4,80.3,86.3,86.3,362.8,355,NA,NA,355,355,NA,72.9,3.16,3.16,3.16,3.16,3.16,3.16,NA,10.2,10.2,58.32,58.32,208.67,58.67,0.35,0.35,0.35,31.58,27,4.58,2.2,3.4,3.4,3.4,3.4,3.4,20.1,20.1,20.1,20.1,20.1,20.1
"179","Sierra Leone",421,421,421,421,27.4,24.13,34.83,34.83,51.53,86.36,178.21,180.7,78.4,26.5,178.21,2.49,26.5,76.5,76.5,180.7,62.6,NA,NA,62.6,62.6,NA,40.5,3207,3207,3207,3207,5744,5744,2496,80,80,212,212,223.73,223.73,19,19,19,6,6,0,NA,NA,NA,NA,NA,NA,92.4,92.4,92.4,92.4,92.4,92.4
"180","Singapore",19.6,19.6,19.6,19.6,17046.6,6924.4,19753.194,17481.58,24222.7,46416.894,47310,49310,1035,12545,47310,2000,13047,13047,12545,46336.2,49310,2973.8,NA,46336.2,46336.2,NA,-1070.3,NA,0,0,0,30.7,26.53,30,1307,1235,1571,1571,13945.74395,1136.905512,2,2,2,1937.890286,6739.197315,-5.68e-12,25,96,115,114.5,191.3,115,852,852,852,852,13963.02526,851.9999208
"181","Sint Maarten (Dutch part)",0.1,0.1,0.1,0.1,208,108.8,63,63,316.8,379.8,417.9,417.9,38,97.3,417.9,0,97.3,97.3,97.3,417.9,417.9,NA,NA,417.9,417.9,NA,125.8,0.1,0.1,0.1,0.1,NA,0.1,NA,96.7,64.7,96.7,96.7,159.7,96.7,NA,NA,NA,49,49,0,1.9,1.9,1.9,1.9,1.9,1.9,13.6,13.6,13.6,13.6,13.6,13.6
"182","Slovakia",NA,NA,NA,0,6145,4917,12237,8549,11346,24157,25750,27401,667,2411,25007,2394,3068,8092,6947,24361,6719,2317,2901,361,4402,29924,260,163.9846743,202.0799124,993.6507937,993.6507937,1709.688013,1674.329502,677.8325123,1434,1434,1541,1532,707,1544,NA,NA,NA,NA,34,0,4,14,103,49,133,47,574,574,577,577,209,577
"183","Slovenia",NA,NA,NA,NA,3141,3125,6057,4637,6266,12459,13380,17437,821,1192,16486,951,1242,3454,3070,16688,4440,271,107,110,4169,8057,9,1986.206897,1986.206897,2345.265463,2345.265463,2537.27422,2537.27422,192.0087575,1296,1283,1596,1596,2505,1607,2,11,11,316,25,0,22,39,74,74,74,73,436,436,441,441,494,441
"184","Solomon Islands",1.405,1.405,1.405,1.405,24.6,13.9,35.2,35.2,44.7,79.9,89.9,91.9,10,31,89.9,2,36,36.034,31.034,83.9,91.9,8,NA,83.9,83.9,NA,NA,124.2,124.2,124.2,124.2,132.4,132.4,8.3,8.3,6,13.3,13.3,44.1,43.4,27,30.1,30.1,3,3,0,1.8,1.8,1.8,1.8,1.8,1.8,17,17,17,17,17,17
"185","Somalia",850.087,850.087,850.087,850.087,NA,NA,NA,NA,315,315,350,350,35,80,350,0,80,80,80,350,350,NA,NA,350,350,NA,27,7221.125,7221.125,7221.125,7221.125,14038.437,14037.647,6816.522,7,7,7,7,106,93,86,86,86,42,42,0,6.3,6.3,6.3,6.3,6.3,6.3,34,34,34,34,34,34
"186","South Africa",776,776,776,776,27455,37777,120260,105248,74060,198093,231445,252578,20940,41438,238272,14306,43538,46963,44823,240401,232512,12053,NA,220459,220459,NA,607,38288.66995,38288.66995,38288.66995,38288.66995,62923.80952,62923.80952,24635.13957,8038,7942,11162,11162,4347,8511,45,45,45,233,834,904,214,246,251,25,207,251,7867,7827,8059,8059,851,5864
"187","South Sudan",11,11,11,11,154,201,NA,NA,429,429,469,488,28,40,469,19,80,82,41,234,486,253,NA,233,233,NA,NA,682.1018062,706.0755337,706.0755337,706.0755337,890.8593322,890.8593322,175.2599891,254,254,269,269,408,408,62,130,130,48,37,11,2,2,2,2,2,2,47,47,49,49,49,49
"188","Spain",36,36,36,36,70309,70710,71657,50192,151081,226897,259772,278750,26393,49786,268380,10370,56786,113774,106470,246639,112789,31006,NA,81783,81783,NA,498,8796.059113,9235.796388,13942.96661,13942.96661,17121.62014,17648.16639,3350.082102,20937,20438,25911,25911,3812,24934,1132,1142,1142,1951,3556,-1774,970,1125,1663,643,1715,1288,4577,4575,4615,4615,77,4327
"189","Sri Lanka",NA,NA,NA,0,3120.5,4046.2,3758.2,3758.2,7238.8,10997,12423.8,12831.5,1425.6,2233,12423.8,407.7,2243,4057.56,4042.56,12811.5,7985.69,NA,NA,7985.69,7985.69,NA,770.824,11393.69655,11393.69655,17512.37241,17512.37241,17512.37241,17512.37241,NA,1659.76,1627.76,1717.77,1717.77,1394.356,2019.976,302.21,302.21,302.21,234.874,458.25,2.964,198,198,231.55,198,231.55,231.55,835.95,835.95,835.95,835.95,584.794,835.954
"190","St. Helena and Depend.",NA,NA,NA,NA,4.6,4.31,NA,NA,8.91,8.91,9.81,10.67,0.9,7.6,9.81,0.86,7.6,8.646,8.646,10.67,9.59,NA,NA,9.59,9.59,NA,NA,0.56,0.56,0.56,0.56,0.56,0.56,NA,0.35,0.35,0.35,0.35,2.95,2.95,2.6,2.6,2.6,NA,NA,NA,NA,NA,NA,NA,NA,NA,0.6,0.6,0.6,0.6,0.6,0.6
"191","St. Kitts-Nevis",0.002,0.002,0.002,0.002,94,50,36,36,144,180,219,220,39,56.4,219,1,60.4,63.35,59.35,219,211,1,NA,210,210,NA,NA,0.017931,0.017931,0.017931,0.017931,0.030345,0.030345,0.0124,5.5,5.5,7.3,7.3,55.5,55.5,45,46,46,NA,NA,NA,1.4,1.9,1.9,1.9,1.9,1.9,16.5,16.5,16.51,16.51,16.5,16.5
"192","St. Lucia",0.352,0.352,0.352,0.352,11.05,111.922,17.673,17.673,314.266,331.939,365.513,379.431,33.574,88.4,365.513,13.918,88.4,88.4,88.4,379.431,379.431,NA,NA,379.431,379.431,NA,0,7.773,7.773,7.773,7.773,9.883,9.883,2.11,NA,NA,NA,NA,76.6914,76.6914,76.6914,76.6914,76.6914,NA,NA,NA,6.2,6.2,6.2,6.2,6.2,6.2,49,49,49,49,49,49
"193","St. Pierre-Miquelon",NA,NA,NA,NA,8.9,35.6,NA,NA,44.5,44.5,48.3,48.3,2.9,26.2,48.3,0,26.2,27,27,48.3,47.43,NA,NA,47.43,47.43,NA,NA,NA,NA,NA,NA,NA,NA,NA,9,NA,9,9,27,21,12,12,12,NA,NA,NA,NA,NA,NA,NA,NA,NA,3.2,3.2,4.2,4.2,4.2,4.2
"194","St. Vincent-Grenadines",0.365,0.365,0.365,0.365,73.03,76.43,8.5,8.5,149.46,157.96,164,169.84,12,45.5,164,5.84,45.5,58.3,58.3,169.84,132.48,NA,NA,132.48,132.48,NA,NA,5.1,5.1,5.1,5.1,7.3,7.3,2.2,17.44,NA,17.44,17.44,43.59,43.59,26.15,26.15,26.15,0.05,0.05,0,6.7,6.7,6.7,6.7,6.7,6.7,16.7,16.7,16.7,16.7,16.7,16.7
"195","State of Palestine",NA,NA,NA,NA,1124.1,2953.4,527.4,495.7,4114.5,4641.9,5274.9,336.6,633,140,336.6,0,140,140,140,336.6,336.6,NA,NA,336.6,336.6,NA,3,360,366.3,371.5,371.5,364.7,371.5,NA,549.5,549.5,576.3,576.3,520.2,563.7,69.5,69.5,69.5,NA,NA,NA,125,137.1,148.2,148.2,148.2,148.2,196.2,196.2,200,200,198.3,209.1
"196","Sudan",1551,1596,1596,1596,2228,5303,1628,1628,8082,9710,11335,11376,1625,1287,11335,41,1287,3117,3117,11376,2463,NA,NA,2463,2463,NA,429,12765.18883,16262.39737,16262.39737,16262.39737,38811.16585,38811.16585,22548.76847,1668,1649,1822,1822,476,2127,265,265,265,124,244,0,173,454,470,161,470,470,823,823,823,823,40,823
"197","Suriname",1.61,1.61,1.61,1.61,365.9,643.3,946.2,946.2,1009.2,1955.4,2144.9,2179.6,189.6,115,2144.9,34.7,238,427,115,588.7,1384.5,795.8,NA,588.7,588.7,NA,360,93.91724138,94.33103448,112.4827586,112.4827586,112.4827586,112.4827586,NA,50.2,50.2,159.8,159.8,219.3,196.4,17,17,38,47.9,43.1,4.8,12.9,14.5,14.5,14.4,14.4,14.5,132.6,NA,149.1,149.1,149.1,149.1
"198","Swaziland",44.18,44.18,44.18,44.18,103,338,336,336,682,1018,1427,567,171,9.5,567,0,99.5,172.5,78.5,302,265,265,9249.33,0,0,NA,4.9,731.27,731.27,731.27,731.27,1125.03,1015.44,284.17,101,81,120,120,120,120,0,0,0,0.6,0.6,0,4,6,6,6,6,6,91.9,91.9,95,95,95,95
"199","Sweden",NA,NA,NA,NA,30826,36821,50730,41918,68846,122191,132375,153662,7334,8076,149956,3706,9270,39930,38727,147865,13632,5785,15494,15,7847,145397,264,4150.738916,4954.351396,6486.918446,6486.918446,23615.54461,23615.54461,17128.62616,4289,4256,4883,4883,2400,5324,2,22,22,872,703,243,NA,NA,933,1100,961,311,2916,2916,2916,2916,1815,3363
"200","Switzerland",NA,NA,NA,NA,17110,18286,18019,13307,36369,57457,62153,71767,4696,263,70008,1759,993,19165,16813,64902,3566,3109,11720,NA,457,5593,46,1880.350301,2613.574165,3553.256705,3553.256705,4052.545156,4214.559387,661.302682,2699,2682,5552,5552,2936,5457,NA,19,21,1554,1530,59,NA,81,167,35,168,83,2694,2693,2694,2694,1248,2682
"201","Syrian Arab Republic",1,1,1,1,1637,7205,5298,5298,10455,15753,19106,21726,3353,7014,19244,2482,8109,9603,8508,21229,18726,497,NA,18229,18229,NA,2205,NA,24.9589491,24.9589491,24.9589491,31.19868637,31.19868637,6.239737274,1090,1090,2180,2180,909,2390,NA,207,207,NA,16,32,471,471,471,320,471,471,971,971,971,971,523,971
"202","T.F.Yug.Rep. Macedonia",NA,NA,NA,NA,NA,3045.964,2205.919,612.531,4504.136,6729.135,7935.538,5303.059,1068.841,1077,4975.719,327.34,1080,1763.8,1760.8,5302.151,4082.025,0.908,27.026,3885.008,4081.117,1929.248,122.54,560.984,593.755,622.822,622.822,606.78,623.316,0,372.604,370,467.015,467.015,560.13,468.643,0,0,0,26.706,11.969,-0.001,7.302,13.489,61.773,62.574,61.773,61.773,100.36,100.36,100.731,100.731,103.73,101.924
"203","Tajikistan",0.1,0.1,0.1,0.1,1195,2957,4057,3956,8172,12270,15155,16472,2804,318,16448,24,318,5190,5190,16472,472,NA,NA,NA,472,1063,31,90,90,90,90,90,90,NA,248,248,248,248,244,248,NA,NA,NA,61,61,0,NA,295,295,295,295,295,247,247,247,247,246,247
"204","Thailand",4422,4422,4422,4422,50321,38993,73782,54525,94837,168785,179330,180862,10545,32264,169136,11726,48238,53472.3,37498.3,145972,173631,33782,NA,139849,139849,NA,1312,NA,NA,2171.319102,2171.319102,58830.87028,58830.87028,56659.55118,9699,9491,18112,18112,300,18148,36,36,36,3,3637,496,1480,2188,7415,2099,7517,4740,5359,5359,5457,5457,644,5457
"205","Timor-Leste",NA,NA,NA,NA,59.8,62.5,NA,NA,314,314,349,349,35,286,349,0,286,286,286,349,349,NA,NA,349,349,NA,NA,110.4,110.4,110.4,110.4,110.4,110.4,NA,NA,NA,50,50,130,130,80,80,80,3.2,3.2,0,NA,NA,NA,NA,NA,NA,23,23,23,23,23,23
"206","Togo",670,670,670,670,141,573,309,309,714,1023,1208.2,357.7,185.6,152,351.3,6.4,160,227,219,346.7,237.9,11,NA,226.9,226.9,NA,65,3635.358511,4240.831965,4240.831965,4240.831965,11922.27696,11922.27696,7681.444992,266,266,268,268,277,272,3.6,5.6,5.6,72,78,1,7,7,7,7,7,7,153,153,153,153,131,153
"207","Tonga",0.273,0.273,0.273,0.273,15.78,17.214,NA,NA,47.818,47.818,52.561,54.561,4.743,13.9,52.561,2,13.9,15.5,15.5,54.561,52.063,NA,NA,52.063,52.063,NA,23.628,0.582,0.582,0.582,0.582,2.105,2.106,1.524,0.985,NA,0.985,0.985,0.985,0.985,0,0,0,4.247,4.247,0,1.635,1.635,1.635,1.635,1.635,1.635,10.652,10.652,10.652,10.652,10.652,10.652
"208","Trinidad and Tobago",2,2,2,2,1014,2666,5626,5626,3680,9306,9531,9891,228,2402,9531,360,2598,2598,2402,9813,9891,78,NA,9813,9813,NA,-1,19.64,19.64,19.64,19.64,31.64,31.64,12,393,393,516,516,NA,535,5,5,5,NA,212,113,41,41,41,NA,28,41,504,504,519,519,NA,519
"209","Tunisia",208.4,208.4,208.4,208,4137,4495,5445,4488,9652,15190,18282,19024,2842,4497,18371,653,4695,4998,4792,18257,18254,560,NA,17694,17694,NA,323,2328,2337,2337,2337,3764,3764,1427,1389,1370,1815,1815,1151,1786,1,1,1,258,264,9,418,461,509,342,506,509,539,539,539,539,535,539
"210","Turkey",NA,NA,NA,NA,57330,46190,95844,70977,108682,205442,244706,251963,37331,41740,239449,12514,44576,72893,69493,247522,200171,3907,6634,189074,196264,78162,1302,9738.368911,9738.368911,9738.368911,9738.368911,9909.031199,9909.031199,170.6622879,13548,13148,17570,17540,12959,18889,102,102,102,850,2540,968,801,801,3751,3118,3751,3751,1916,1916,1945,1945,NA,1945
"211","Turkmenistan",10,10,10,10,NA,2331,4001,2702,6800,11089,15648,20400,2547,4000,18858,1542,4000,4001,4001,20400,20400,NA,NA,NA,20400,9846,931,10,10,10,10,10,10,NA,1040,1040,2080,2080,NA,2080,NA,NA,NA,NA,470,0,NA,994,994,NA,994,994,1505,1505,1505,1505,NA,1505
"212","Turks and Caicos Islands",0.137,0.137,0.137,0.137,66,74,NA,NA,211,211,222,230,11,79,222,8,79,79,79,230,230,NA,NA,230,230,NA,NA,0.263,0.263,0.263,0.263,1.085,1.085,0.822,8,7,8,8,67,67,59,59,59,NA,NA,NA,NA,NA,NA,NA,NA,NA,NA,NA,NA,NA,NA,NA
"213","Tuvalu",NA,NA,NA,NA,3,2.1,NA,NA,5.1,5.1,5.1,5.1,NA,2.8,5.1,0,2.8,2.8,2.8,5.1,5.1,NA,NA,5.1,5.1,NA,NA,NA,NA,NA,NA,NA,NA,NA,NA,NA,0.1,0.1,1.8,1.8,1.6,1.6,1.6,NA,NA,NA,0.018,0.018,0.018,0.018,0.018,0.018,1.2,NA,1.2,1.2,1.2,1.2
"214","Uganda",1035.685,1035.685,1035.685,1035.685,287.5,519.4,1602,533.2,814.9,2416.9,3003.4,3257.7,619.4,118.8,3095.8,161.9,178.3,883.3,813.8,3161.7,697.1,40,NA,657.1,657.1,NA,30.7,35632.097,35632.097,35632.097,35632.097,41856.575,41856.569,6224.472,253.4,253.4,372.7,372.7,633.1,633.1,180.8,187.1,187.1,120.3052326,114.5765504,5.7286822,5.24,5.24,6.55,6.87,6.87,6.55,409.012583,409.012583,409.012583,409.012583,476.880089,476.880089
"215","Ukraine",48,48,48,48,23438,38972,54401,30237,65914,128387,158872,182815,19615,32410,168430,14385,35335,55843,52910,179888,83549,2905,76438,68547,80644,329640,108,5479,5543,5608,5591,7875,7212,1601,3100,2928,5287,5282,4775,5713,NA,8,8,0,128,-128,29,82,870,431,883,869,3143,3143,3143,3143,2147,2837
"216","United Arab Emirates",77,77,77,77,37592,35121,14355,14355,92487,106842,111685,116528,4843,28769,111685,4843,28769,28829,28829,116528,116528,NA,NA,116528,116528,NA,1626,NA,NA,NA,NA,NA,NA,NA,4957,4957,4957,4957,1802,7155,509,509,509,NA,5233,2522,307,307,875,NA,875,326,7196,7196,7196,7196,4364,8108
"217","United Kingdom",NA,NA,NA,NA,93168,108881,93526,73711,205777,303563,339043,338925,28011,58362,322406,16519,64238,97009,83056,296174,230342,32197,68024,198145,198145,NA,1349,5983.032293,5983.032293,5983.032293,5983.032293,5984.126984,5984.126984,NA,24719,23485,27965,27948,12882,28668,46,113,113,8158,10434,1484,231,316,2496,423,2762,759,12958,12958,12958,12958,3482,12853
"218","United Rep. of Tanzania",1937,1937,1937,1937,1141,2227,1270,1270,3706,4976,6278,6219,1098,526.2,6219,0,546.2,1115,1088,6201,3611,NA,NA,3611,3611,NA,404,44125.99891,50716.4751,62653.0925,62653.0925,81309.0312,81309.0312,18656.04817,1197,1197,1217,1217,1337,1337,120,120,120,138,138,0,69,69,69,69,69,69,687,687,687,687,687,687
"219","United States",1048,1048,1048,1048,1349929,1416977,821040,663661,2959148,3787793,4149377,4339210,255322,758205,4122391,216819,787407,1073438,1036351,4166530,2995556,160485,NA,2678066,2835071,428607,4639,35807,35807,35807,35807,41881,41701,5894,150355,135265,192270,188976,10713,200668,1826,1964,1964,4610,21071,47522,12563,18163,40033,NA,40216,22686,381417,376684,386875,386875,28079,388428
"220","United States Virgin Is.",NA,NA,NA,NA,130.595,219.402,291.037,291.037,349.997,641.034,701.034,772.33,60,316,701.034,71.296,316,320.5,316,766.417,766.417,0,NA,766.417,766.417,NA,NA,NA,NA,NA,NA,NA,NA,NA,NA,NA,NA,NA,NA,NA,NA,NA,NA,NA,NA,NA,NA,NA,NA,NA,NA,NA,NA,NA,NA,NA,NA,NA
"221","Uruguay",2.1,2.1,2.1,2.1,2924.7,4027,2906,2906,7226.1,10132.1,11380.6,13008.1,1252.1,1268,12647.1,361,1689.5,3712.5,3263.9,11728.2,2623,1273.6,NA,1349.4,1349.4,NA,347,1500,1807.4,2844.4,2844.4,2855,2855,10.4,606.7,595.7,790.5,790.5,198.3,860.6,67.6,68.1,68.1,0,78.1,3,94,108,124.7,44.3,126.4,124.7,535.9,535.9,544.6,544.5,50.5,545.5
"222","Uzbekistan",NA,NA,NA,NA,3553,8309,17563,17563,26790,45862,52337,55400,4884,10710,52243,3157,10867,12722,12565,55196,43570,204,204,23814,43366,98380,198,NA,26,26,26,26,26,NA,257,204,881,881,NA,881,NA,NA,NA,NA,NA,116,6,11,17,NA,17,17,948,948,1020,1020,NA,1019
"223","Vanuatu",0.602,0.602,0.602,0.602,NA,61.3,NA,NA,61.3,61.3,64.6,66.6,3.33,27.1,64.6,2,27.1,31.43,31.43,66.6,56.4,NA,NA,56.4,56.4,NA,0,86.936,86.936,86.936,86.936,91,90.404,3.468,27.2,27.2,27.2,27.2,39.56,39.56,12.4,12.4,12.4,7.2,7.2,0,1.3,1.3,1.3,1.3,1.3,1.3,9.4,5,9.4,9.4,9.392,9.392
"224","Venezuela (Bolivar. Rep.)",7,7,7,7,19012,24542,33461,27548,44020,77729,121878,127732,46041,15445,121878,5854,16748.3,31764.99,30461.69,126256,40538,1476,NA,39062,39062,NA,3191,1232.074439,1232.074439,1232.074439,1232.074439,1274.110564,1274.110564,42.03612479,3860,3860,6257,6257,NA,11529,4526,4526,4526,NA,591,0,1072,1443,3917,NA,3917,3917,11426,11426,11487,11487,NA,11430
"225","Viet Nam",608,608,608,966,6131,45468,69524,69524,59103,128627,141136,145730,12509,15000,139963,5767,18368,34080,30398,141548,83950,4100,NA,79850,79850,NA,350,51652.43569,51666.66667,64016.85824,64016.85824,70306.84182,70306.84182,6289.98358,5345,5345,7173,7173,4112,7217,42,42,42,1209,781,196,809,1256,1482,801,1400,1482,4732,4732,4853,4853,2421,4857
"226","Wallis and Futuna Is.",NA,NA,NA,NA,NA,9.25,NA,NA,15.539,15.539,16.281,18.556,0.742,11.06,16.281,2.275,11.06,11.317,11.317,18.556,18.556,NA,NA,18.556,18.556,NA,NA,NA,NA,NA,NA,NA,NA,NA,0.61,0.61,1.074,1.074,6.317,6.317,5.243,5.243,5.243,0.909,0.909,0,NA,0.272,0.272,0.272,0.272,0.272,1.27,1.27,1.27,1.27,1.27,1.27
"227","Yemen",77,77,77,77,750,3038,161,161,4309,4470,6440,7646,1970,1401.8,6440,1206,1519,1519,1401.8,7406,7646,240,NA,7406,7406,NA,845,NA,NA,NA,NA,521.9485495,521.9485495,521.9485495,870,870,2165,2165,2070,2760,553,584,584,NA,91,0,583,583,676,NA,676,676,1391,1391,1391,1391,1230,1391
"228","Zambia",1001,1083,1083,1083,668,3251,6429,6429,4259,10719,12881,14452,2162,195,14124,328,195,2452,2452,14452,410,NA,NA,410,410,NA,115,11299,11299,18300.31363,18300.31363,29958.9491,29958.9491,11658.34702,81,66,448,448,91,458,10,10,10,3,38,0,9,10,11,NA,11,11,288,288,298,298,203,298
"229","Zimbabwe",9,9,9,9,1361,2742,3388,3388,4850,8238,9740,10023,1648,1190,9839,184,1235,1992,1947,9863,4592,160,NA,4432,4432,NA,NA,20498.85057,20498.85057,20498.85057,20498.85057,20603.50301,20603.50301,104.6524357,481,439,752,752,804,804,17,17,17,9,9,0,14,14,14,14,14,14,308,308,331,331,337,337
