year,countries,ISO,region,hf_score,hf_rank,hf_quartile,pf_rol_procedural,pf_rol_civil,pf_rol_criminal,pf_rol,pf_ss_homicide,pf_ss_disappearances_disap,pf_ss_disappearances_violent,pf_ss_disappearances_organized,pf_ss_disappearances_fatalities,pf_ss_disappearances_injuries,pf_ss_disappearances_torture,pf_ss_killings,pf_ss_disappearances,pf_ss,pf_movement_vdem_foreign,pf_movement_vdem_men,pf_movement_vdem_women,pf_movement_vdem,pf_movement_cld,pf_movement,pf_religion_suppression,pf_religion_freedom_vdem,pf_religion_freedom_cld,pf_religion_freedom,pf_religion,pf_assembly_entry,pf_assembly_freedom_house,pf_assembly_freedom_bti,pf_assembly_freedom_cld,pf_assembly_freedom,pf_assembly_parties_barriers,pf_assembly_parties_bans,pf_assembly_parties_auton,pf_assembly_parties,pf_assembly_civil,pf_assembly,pf_assembly_rank,pf_expression_killed,pf_expression_jailed,pf_expression_media,pf_expression_cultural,pf_expression_gov,pf_expression_internet,pf_expression_harass,pf_expression_selfcens,pf_expression_freedom_bti,pf_expression_freedom_cld,pf_expression_freedom,pf_expression,pf_expression_rank,pf_identity_same_m,pf_identity_same_f,pf_identity_same,pf_identity_divorce,pf_identity_fgm,pf_identity_inheritance_widows,pf_identity_inheritance_daughters,pf_identity_inheritance,pf_identity,pf_score,pf_rank,pf_womens,ef_government_consumption,ef_government_transfers,ef_government_enterprises,ef_government_tax_income,ef_government_tax_payroll,ef_government_tax,ef_government_soa,ef_government,ef_legal_judicial,ef_legal_courts,ef_legal_protection,ef_legal_military,ef_legal_integrity,ef_legal_enforcement,ef_legal_regulatory,ef_legal_police,ef_legal,ef_money_growth,ef_money_sd,ef_money_inflation,ef_money_currency,ef_money,ef_trade_tariffs_revenue,ef_trade_tariffs_mean,ef_trade_tariffs_sd,ef_trade_tariffs,ef_trade_regulatory_nontariff,ef_trade_regulatory_compliance,ef_trade_regulatory,ef_trade_black,ef_trade_movement_foreign,ef_trade_movement_capital,ef_trade_movement_visit,ef_trade_movement,ef_trade,ef_regulation_credit_ownership,ef_regulation_credit_private,ef_regulation_credit_interest,ef_regulation_credit,ef_regulation_labor_minwage,ef_regulation_labor_firing,ef_regulation_labor_bargain,ef_regulation_labor_hours,ef_regulation_labor_dismissal,ef_regulation_labor_conscription,ef_regulation_labor,ef_regulation_business_adm,ef_regulation_business_bureaucracy,ef_regulation_business_start,ef_regulation_business_bribes,ef_regulation_business_licensing,ef_regulation_business_compliance,ef_regulation_business,ef_regulation,ef_score,ef_rank
2019,Albania,ALB,Eastern Europe,8.14,43,2,5.97,4.76,4.26,5,9.33,10,10,7.5,10,10,8.28,9.72,9.36,9.34,9.51,9.85,9.86,9.74,10,9.87,9.84,9.27,10,9.64,9.74,8.4,10,10,10,10,9.2,9.53,8.6,9.11,8.71,9.05,41,10,10,5,7.34,4.53,8.51,4.89,5.95,7,5,6,6.91,89,10,10,10,7.5,10,,,7.5,8.75,8.38,45,8.97,8.16,7.33,8,9,7,8,8.54,8,4.13,4.26,3.84,8.33,5.27,3.91,6.72,5.61,5.26,9.99,9.75,9.72,10,9.86,9.66,9.28,8.1,9.01,6.81,9.41,8.11,10,4.17,4.62,8.63,5.8,8.23,10,8.6,10,9.53,5.57,4.87,5.58,8,6.3,10,6.72,5.65,6.67,9.74,6.24,5.62,7.18,6.85,7.7,7.81,31
2019,Algeria,DZA,Middle East & North Africa,5.26,154,4,5.21,5.64,4.35,5.07,9.6,10,10,5,10,10,6.4,6.65,8.29,8.95,7.03,9.65,8.88,8.52,5,6.76,5.15,3.98,7.5,5.74,5.45,3.16,5,5,5,5,6.45,7.65,6.12,6.74,4.09,4.75,135,10,6.53,2.5,5.18,2.13,5.11,4.93,4.59,5,5,5,5.11,130,0,0,0,0,10,,,0,2.5,5.51,141,3.78,3.52,7.82,4.61,7,2,4.5,2.63,4.62,4.16,4.49,5.13,3.33,4.37,4.39,6.63,6.35,4.14,6.84,7.93,9.61,5,7.34,8.48,6.22,5.92,6.87,4.56,0.48,2.52,0,1.65,0,0.77,0.81,2.55,0,8.57,10,6.19,5.57,5.03,6.52,6,7.76,3,5.65,4.22,2.22,9.31,2.58,8.77,7.03,5.69,5.84,4.9,162
2019,Angola,AGO,Sub-Saharan Africa,6.09,129,4,2.72,4.43,3.6,3.58,8.59,10,9.57,7.5,9.74,9.97,4.3,7.28,8.34,8.46,7.54,9.41,8.77,8.57,7.5,8.03,6.86,6.56,7.5,7.03,6.95,3.67,5,5,7.5,5.83,8.5,8.98,7.98,8.48,5.01,5.75,123,10,10,2.5,4.99,5.14,8.54,5.22,6.69,6,5,5.5,6.51,101,0,10,5,5,10,,,5,6.25,6.5,113,7.75,7.29,9.62,6.73,10,9,9.5,4.49,7.53,4.08,3.6,3.74,4.17,3.95,2.3,5.52,3.81,3.67,8.71,4.44,6.58,0,4.93,9.24,7.96,4,7.07,4.7,2.51,3.6,9.73,0,2.31,1.22,1.17,5.39,5,10,6,7,10,4.43,6.97,4,6.63,0,5.34,2.94,2.44,8.73,4.7,7.92,6.78,5.59,5.97,5.5,153
2019,Argentina,ARG,Latin America & the Caribbean,7.38,74,2,6.83,5.94,4.35,5.71,8.46,5,10,7.5,9.93,10,7.27,8.43,8.3,8.38,8.99,9.95,9.63,9.52,10,9.76,9.85,9.74,10,9.87,9.86,9.04,10,10,7.5,9.17,9.91,9.91,9.26,9.69,8.22,9.03,43,10,10,7.5,9.43,7.37,9.9,5.59,7.57,9,7.5,8.25,8.4,43,10,10,10,10,10,,,10,10,8.73,34,9.93,5.99,6.49,7.59,7,1,4,7.24,6.26,5.07,4.28,4.58,7.5,4.26,3.82,6.86,4.41,4.8,5.58,5.43,0,5,4,4.93,7.3,5.9,6.04,5.07,5.65,5.36,6.48,8.2,6.15,9.07,7.81,6.42,5,7.17,8,6.72,2.77,2.24,3.19,10,2.52,10,5.12,2.71,5.78,9.58,6.53,5.73,6.51,6.14,5.99,5.5,153
2019,Armenia,ARM,Caucasus & Central Asia,8.2,40,1,,,,4.98,9.51,10,10,7.5,10,10,7.66,9.57,9.25,9.38,9.43,9.9,9.74,9.69,10,9.84,9.32,8.05,7.5,7.78,8.55,8.81,7.5,9,7.5,8,9.68,9.89,8.52,9.36,9.42,8.9,47,10,10,5,8.26,7.88,9.89,5.98,5.65,9,7.5,8.25,7.88,56,10,10,10,7.5,10,,,7.5,8.75,8.32,48,8.95,7.94,7.86,9.3,5,5,5,9.07,7.83,4.99,5.76,6.37,5.83,5.79,5.2,9.82,6.67,6.3,9.22,9.67,9.71,10,9.65,8.99,8.74,7.56,8.43,5.69,9.32,7.5,10,8.35,6.15,10,8.17,8.53,10,9.05,10,9.68,6.67,5.6,7.25,10,9.25,0,6.46,5.17,5.56,9.86,6.96,9.3,7.04,7.32,7.82,8.03,15
2019,Australia,AUS,Oceania,8.84,8,1,8.36,7.59,7.3,7.75,9.74,10,10,10,10,10,8.33,9.75,9.73,9.73,9.6,9.47,9.48,9.52,10,9.76,9.85,9.71,10,9.86,9.85,8.46,10,,10,10,9.66,9.81,9.69,9.72,8.42,9.15,40,10,10,7.5,7.5,9.27,9.55,6.86,8.94,,10,10,8.85,28,10,10,10,10,10,,,10,10,9.3,16,9.9,4.24,6.96,9.5,5,4,4.5,7.49,6.54,8.44,7.68,8.45,10,8.5,6.76,8.14,8.42,8.3,9.81,9.18,9.68,10,9.67,8.81,9.52,9.05,9.13,7.12,8.43,7.78,10,10,4.62,0.11,4.91,7.95,10,8.3,10,9.43,8.9,3.91,6.08,10,7.93,10,7.8,3.98,8.67,9.93,9.64,8.95,8.82,8.33,8.52,8.2,9
2019,Austria,AUT,Western Europe,8.67,21,1,9.05,7.68,7.99,8.24,9.71,10,10,10,10,10,8.98,9.68,9.81,9.76,9.09,9.89,9.42,9.46,10,9.73,8.45,8.04,10,9.02,8.73,8.24,10,,10,10,9.86,8.97,9.77,9.53,9.77,9.38,23,10,10,7.5,9.29,8.36,9.9,7.11,8.07,,10,10,8.91,25,10,10,10,10,10,,,10,10,9.25,18,9.88,3.72,3.51,10,4,3,3.5,6.4,5.43,7.78,7.88,8.62,10,8.68,6.99,8.1,8.6,8.33,8.14,9.86,9.69,10,9.42,9.13,8.98,6.49,8.2,6.66,9.98,8.32,10,10,3.08,8.74,7.27,8.45,8,10,10,9.33,8.9,4.78,2.49,6,10,3,5.86,4.47,8.67,9.24,8.35,7.3,8.53,7.76,7.65,7.86,28
2019,Azerbaijan,AZE,Caucasus & Central Asia,6.16,127,4,,,,4.28,9.36,10,10,7.5,10,10,2.43,7.74,8.24,8.8,4.99,8.65,8.41,7.35,7.5,7.42,5.11,5.25,5,5.13,5.12,1.31,0,3,5,2.67,5.3,9.77,5,6.69,3.62,3.57,147,6.92,0,0,2.36,0.91,7.46,3.15,3.89,2,5,3.5,3.13,156,10,10,10,7.5,10,,,10,9.38,5.96,123,9.18,7.05,7.71,1.85,9,4,6.5,3.78,5.38,3.89,3.81,6.81,5,4.01,7.25,7.61,7.6,5.24,7.83,5.69,9.48,5,7,8.73,8.26,5.58,7.52,6.63,8.2,7.42,10,4.65,4.62,2.77,4.01,7.24,5,10,10,8.33,8.33,7.25,8.18,6,8.5,1,6.54,7.21,6.22,9.88,2.78,9.02,8.22,7.22,7.37,6.44,121
2019,"Bahamas, The",BHS,Latin America & the Caribbean,8.22,38,1,6.36,5.74,6.14,6.08,0.7,10,10,,10,10,,,10,5.35,,,,,10,10,,,10,10,10,,10,,10,10,,,,,,10,1,10,10,7.5,,,,,,,10,10,9.38,15,10,10,10,10,10,,,10,10,8.69,37,10,6.11,8.96,10,10,10,10,,8.77,7.15,5.7,,10,6.67,4.6,3.82,,6.32,7.67,8.89,9.5,5,7.77,7.12,3.5,1.55,4.06,6.71,8.11,7.41,10,0,0.77,10,3.59,6.26,10,9.44,10,9.81,8.9,,,8,6.55,10,8.36,,5.78,9.52,,7.98,8.26,7.88,8.69,7.56,52
2019,Bahrain,BHR,Middle East & North Africa,5.73,143,4,,,,5.96,9.85,10,10,5,10,10,2.2,4.78,7.43,8.64,3.8,7.16,6.56,5.84,5,5.42,1.77,3.28,5,4.14,2.96,1.22,0,1,2.5,1.17,3.47,5.31,2.88,3.89,1,1.82,162,10,0,0,0.49,0.27,5.91,2.01,0.34,2,2.5,2.25,2.36,163,10,10,10,0,10,,,0,5,4.59,157,5.31,3.44,8.03,9.61,10,10,10,2.55,6.73,5.34,5.25,7.84,5,4.86,4.79,9.4,8.95,4.73,9.54,7.6,9.8,10,9.24,9.48,9.04,6.45,8.32,6.81,6.67,6.74,10,10,6.15,7.63,7.93,8.25,10,2.83,10,7.61,8.33,5.98,8.06,8,7.03,10,7.9,6.06,8,9.71,2.41,9.76,9.75,7.61,7.71,7.33,65
2019,Bangladesh,BGD,South Asia,5.75,142,4,2.1,3.83,3.33,3.09,9.3,0,10,5,9.84,9.51,1.98,2.31,5.52,7.41,5.14,9.51,8.55,7.73,5,6.37,9.08,7.98,5,6.49,7.78,6.35,5,4,5,4.67,7.03,7.58,6.16,6.93,4.88,5.7,124,8.67,8.3,2.5,3.52,5.66,5.08,1.61,1.78,3,5,4,4.57,139,0,10,5,0,10,,,0,3.75,5.52,140,5.71,9.31,9.71,7.02,8,8,8,6.48,8.11,3.06,3.65,4.31,4.17,3.08,0.94,2.67,4.18,2.87,9.35,9.66,8.88,0,6.97,5.55,7.2,6.25,6.33,5.63,0,2.82,10,1.65,0,10,3.88,5.76,5,8.48,10,7.83,10,4.69,6.28,10,1.37,10,7.05,3.88,2.67,9.28,1.38,6.45,5.12,4.8,6.56,6.05,136
2019,Barbados,BRB,Latin America & the Caribbean,7.92,51,2,7.28,6.43,5.74,6.48,7.15,10,10,,10,10,8.31,8.76,9.51,8.33,9.81,9.89,9.76,9.82,10,9.91,9.91,9.77,10,9.89,9.9,8.49,10,,10,10,9.6,9.8,9.6,9.67,9.14,9.32,26,10,10,10,8.83,8.24,9.91,8.27,6.48,,10,10,9.08,21,0,0,0,10,10,,,10,7.5,8.65,39,7.95,8.05,5.95,8.74,5,1,3,7.13,6.57,7.26,5.56,5.85,,6.66,3.8,7.58,6.4,5.79,8.34,8.84,9.18,5,7.84,8.01,7.86,5.63,7.17,6.56,6.16,6.36,10,1.65,0,8.63,3.43,6.74,8,10,10,9.33,8.9,2.99,6.37,8,5.68,10,6.99,3.26,6.89,9.41,7.44,5,7.3,6.55,7.62,6.91,87
2019,Belarus,BLR,Eastern Europe,6.73,109,3,4.57,6.01,4.7,5.09,9.3,10,10,5,10,10,4.34,9.34,8.38,8.84,8.31,9.77,9.85,9.31,5,7.16,6.22,6.95,5,5.98,6.1,2.99,2.5,3,2.5,2.67,4.73,9.25,7.14,7.04,5.37,4.52,137,10,10,0,3.55,0.58,7.06,3.63,3.87,3,2.5,2.75,4.6,138,10,10,10,10,10,,,10,10,6.62,108,9.97,5.19,5.49,,10,5,7.5,3.79,5.49,3.73,5.68,,5,4.78,6.97,9.91,,5.66,8.3,8.47,8.88,10,8.91,8.2,8.64,6.6,7.81,6.15,9.7,7.93,10,1.65,1.54,2.99,2.06,6.95,2,10,10,7.33,10,,,10,7.76,1,7.19,,6.44,9.72,5.65,8.34,8.09,7.65,7.39,6.88,88
2019,Belgium,BEL,Western Europe,8.61,23,1,8.8,7.59,7.07,7.82,9.51,10,10,10,10,10,9.43,9.79,9.89,9.7,9.33,9.91,9.88,9.71,10,9.85,9.85,9.36,7.5,8.43,9.14,7.63,10,,10,10,9.82,9.41,9.74,9.65,9.78,9.26,32,10,10,10,9.71,9.85,9.9,7.75,9.82,,7.5,7.5,9.39,14,10,10,10,10,10,,,10,10,9.31,15,9.98,2.66,2.05,10,2,0,1,8.01,4.75,7.57,7.32,7.86,10,7.78,6.53,4.9,7.6,7.45,8.03,9.91,9.71,10,9.41,9.13,8.98,6.49,8.2,5.64,9.98,7.81,10,10,3.85,8.74,7.53,8.39,8,9.23,10,9.08,8.9,3.75,5.85,6,10,10,7.42,3.5,8.44,9.78,9.53,7.46,8.48,7.87,8.12,7.62,45
2019,Belize,BLZ,Latin America & the Caribbean,7.64,63,2,4.45,5.13,3.62,4.4,0,10,10,,10,10,,,10,5,,,,,10,10,,,10,10,10,,10,,10,10,,,,,,10,1,10,10,7.5,,,,,,,7.5,7.5,8.75,33,10,10,10,10,10,,,10,10,8.31,49,10,5.78,8.43,5.97,9,,9,,7.29,6.79,4.04,7.39,,,3.33,7.29,3.33,5.05,8.91,9.57,9.96,0,7.11,7.47,7.62,4.15,6.41,4.27,6.09,5.18,10,1.65,0,10,3.88,6.37,10,6.24,10,8.75,7.77,4.97,7.99,8,6.55,10,7.55,3.72,4.67,8.1,,8.6,8.35,6.69,7.66,6.7,100
2019,Benin,BEN,Sub-Saharan Africa,7.32,76,2,4.01,4.12,4.32,4.15,9.68,10,10,2.5,9.86,10,7.42,9.33,8.44,9.06,9.4,9.89,9.85,9.71,7.5,8.61,9.26,9.78,10,9.89,9.57,8.26,5,8,10,7.67,7.37,9.01,7.82,8.07,8.7,8.17,77,10,10,7.5,7.68,6.02,9.25,4.8,4.68,7,5,6,7.32,76,10,10,10,7.5,9.08,,,5,7.9,7.83,71,8.29,7.9,9.77,9.84,4,3,3.5,8.81,7.96,5.55,5.23,4.87,,5.3,2.05,6.61,6.67,4.57,8.74,9.93,9.82,0,7.12,5.84,7.58,7.05,6.82,5.13,5.16,5.15,10,1.65,0.77,5.86,2.76,6.18,10,9.75,5,8.25,7.77,6.13,7.6,8,7.57,1,6.34,4.54,4.22,9.68,7.88,9.48,6.97,7.13,7.24,6.62,110
2019,Bhutan,BTN,South Asia,6.86,98,3,,,,6.11,9.65,10,10,7.5,10,10,8.49,7.73,9.1,9.38,8.01,9.04,8.82,8.62,5,6.81,7.97,5.21,7.5,6.36,7.16,3.22,5,6,7.5,6.17,8.25,8.06,8.32,8.21,7.92,6.38,111,10,10,5,5.2,7.29,5.99,6.13,4.59,7,7.5,7.25,6.83,91,0,0,0,2.5,10,,,10,5.63,6.9,101,6.26,4.9,9.87,8.56,9,8,8.5,5.28,7.42,6.53,6.76,6.16,,6.6,7.37,6.9,2.46,5.93,9.63,9.26,9.45,0,7.09,9,5.54,4.2,6.25,4.92,9.5,7.21,10,1.65,0,0.33,0.66,6.03,5,9.39,9,7.8,10,2.01,5.63,10,10,10,7.94,2.54,4.22,9.58,8.38,8.47,9.42,7.1,7.61,6.82,92
2019,Bolivia,BOL,Latin America & the Caribbean,6.94,92,3,3.82,3.29,2.25,3.12,8.17,10,10,7.5,10,10,7.75,9.16,9.2,8.69,8.1,8.87,9.33,8.77,7.5,8.13,8.32,9.11,7.5,8.31,8.31,6.55,5,7,7.5,6.5,8.78,9.94,8.77,9.16,6.46,7.17,99,10,10,5,8.16,4.69,9.02,4.38,4.99,7,7.5,7.25,7.05,83,10,10,10,10,10,,,7.5,9.38,7.41,86,9.37,5.6,8.84,0,10,10,10,5.7,6.03,2.97,2.79,3.23,4.17,3.83,4.49,6.75,2.72,3.87,9.15,8.33,9.63,10,9.28,9.24,7.64,6.22,7.7,4.95,3.05,4,10,4.48,4.62,10,6.37,7.02,8,4.92,10,7.64,1.1,2.05,5.01,8,,3,3.83,1.85,3.11,8.34,5.01,7.08,0,4.23,5.23,6.28,125
2019,Bosnia and Herzegovina,BIH,Eastern Europe,7.54,67,2,6.16,4.81,4.79,5.25,9.65,10,10,5,10,10,7.53,8.59,8.73,9.19,9.86,9.31,8.25,9.14,7.5,8.32,9.49,8.41,7.5,7.96,8.72,9.23,7.5,7,7.5,7.33,8.69,9.87,8.1,8.89,8.06,8.38,70,10,10,5,6.27,6.11,9.89,5.54,4.39,6,5,5.5,6.97,87,10,10,10,10,10,,,7.5,9.38,8.03,61,9.15,5.74,5.63,7.71,10,3,6.5,6.85,6.49,4.17,3.45,3.75,,4.42,3.79,7.66,4.5,4.27,8.83,9.74,9.89,5,8.36,9.87,8.74,6.75,8.45,6.19,9.59,7.89,10,1.65,3.08,10,4.91,7.81,10,10,10,10,5.57,3.11,7.08,10,7.51,10,7.21,1.84,5.11,7.26,2.19,7.95,5.39,4.96,7.39,6.86,90
2019,Botswana,BWA,Sub-Saharan Africa,7.9,53,2,5.23,6.08,5.88,5.73,5.63,10,10,10,10,10,8.85,9.24,9.73,7.68,9.83,9.34,9.34,9.51,10,9.75,9.43,8.83,7.5,8.16,8.8,7.51,10,8,10,9.33,9.76,9.91,9.45,9.7,8.75,8.82,50,10,10,5,7.41,8.3,9.87,5.85,6.33,7,7.5,7.25,7.78,58,10,10,10,5,10,,,7.5,8.13,8.1,54,8.37,3.99,8.89,7.5,9,9,9,5.05,6.88,6.74,6.93,6.52,8.33,6.24,3.07,7.81,6.3,6.11,9.8,8.22,9.45,10,9.37,3.49,8.46,5.53,5.83,5.32,9.4,7.36,10,10,5.38,10,8.46,7.91,8,7.41,10,8.47,10,4.96,5.76,10,3.78,10,7.42,4.15,6.67,8.46,8.77,9.26,8.65,7.66,7.85,7.62,45
2019,Brazil,BRA,Latin America & the Caribbean,7.22,78,2,4.51,5.37,3.36,4.41,2.03,10,10,7.5,9.98,9.99,5.07,5.41,8.28,5.16,8.72,9.65,9.27,9.21,10,9.61,9.68,7.2,7.5,7.35,8.51,8.01,7.5,8,10,8.5,9.69,9.97,9.83,9.83,7.87,8.55,65,7.98,9.88,7.5,5.36,5.54,9.35,5.17,6.94,7,7.5,7.25,7.22,80,10,10,10,10,10,,,10,10,7.64,79,9.85,4.76,5.7,10,8,3,5.5,8.18,6.83,5.5,4.8,4.89,5.83,4.85,3.33,8.24,3.85,5.16,9.14,8.98,9.25,10,9.34,8.63,7.32,6.14,7.36,4.04,7.87,5.95,10,1.65,2.31,10,4.65,6.99,5,5.18,6,5.39,2.23,2.93,5.48,6,7.13,3,4.46,1.14,6.22,9.42,5.2,5.4,0,4.56,4.81,6.63,109
2019,Brunei Darussalam,BRN,South Asia,6.46,116,3,,,,6.15,9.86,10,10,,10,10,,,10,9.93,,,,,7.5,7.5,,,5,5,5,,2.5,,2.5,2.5,,,,,,2.5,153,10,10,2.5,,,,,,,2.5,2.5,6.25,107,0,10,5,0,10,,,0,3.75,5.87,128,5,0,,10,10,10,10,,6.67,5.63,5.15,5.53,8.33,6.67,4.17,4.8,6.47,4.98,9.73,5.69,9.92,10,8.84,,9.94,8.95,9.45,5.1,2.34,3.72,10,,6.15,5.2,5.68,7.21,,8.67,10,9.33,10,4.91,7.82,10,10,10,8.79,3.89,8.44,9.81,,9.56,9.41,8.22,8.78,7.3,66
2019,Bulgaria,BGR,Eastern Europe,8.08,45,2,5.42,5.55,4.53,5.17,9.62,10,10,10,10,10,7.84,9.13,9.57,9.59,9.69,9.32,9.49,9.5,10,9.75,8.89,8.18,7.5,7.84,8.36,7.83,10,10,7.5,9.17,9.75,9.5,7.93,9.06,8.75,8.7,60,10,10,5,7.45,6.48,9.9,5.23,4.79,6,5,5.5,7.15,81,10,10,10,7.5,10,,,10,9.38,8.3,50,9.4,5.24,5.95,7.48,10,7,8.5,7.93,7.02,5.7,4.98,4.86,8.33,5.07,5.08,8.72,4.76,5.94,9.74,9.5,9.38,10,9.66,9,8.98,6.49,8.16,5.42,9.85,7.64,10,7.48,6.92,8.74,7.72,8.38,10,9.62,9,9.54,5.57,5.04,7.18,6,9.25,10,7.17,4.52,6.22,9.25,5.91,9.33,5.06,6.71,7.81,7.76,36
2019,Burkina Faso,BFA,Sub-Saharan Africa,6.85,100,3,4.65,4.61,4.87,4.71,9.62,10,0.57,5,0,0.48,6.41,8.23,4.38,7,7.58,8.64,8.45,8.22,7.5,7.86,9.3,8.56,10,9.28,9.29,8.31,7.5,6,7.5,7,9.88,9.8,8.37,9.35,8.63,8.32,73,10,10,5,8.61,8.2,8.79,6.51,8,7,7.5,7.25,8.04,52,10,10,10,7.5,2.42,,,7.5,6.86,7.44,84,7.17,5.03,9.77,0.85,9,4,6.5,7.79,5.99,5.05,4.01,4.62,3.33,5.87,2.14,4.82,5.72,4.05,9.31,8.49,9.35,0,6.79,7.54,7.58,7.05,7.39,5.43,3.6,4.52,10,1.65,0.77,7.41,3.28,6.3,10,7.86,5,7.62,6.67,4.6,6.87,6,7.94,10,7.01,3.77,4.22,9.11,6.22,8.93,6.97,6.54,7.06,6.04,138
2019,Burundi,BDI,Sub-Saharan Africa,5.02,157,4,,,,2.94,8.23,0,7.1,2.5,6.36,9.14,0.21,0.31,3.66,5.94,3.16,6.42,6.9,5.49,7.5,6.5,3.9,8.99,7.5,8.25,6.07,0.4,0,2,2.5,1.5,5.37,6.39,3.66,5.14,1.71,2.19,159,7.08,1.52,0,2.63,0.33,7.07,0.46,1.1,3,2.5,2.75,2.55,162,0,0,0,7.5,10,,,,5.83,4.57,158,6.1,4.04,10,6.45,8,5,6.5,4.76,6.35,3.77,3.56,4.31,,3.1,2.81,8.55,5.37,4.1,7.02,7.84,9.86,10,8.68,8.07,7.44,5.14,6.88,4.55,1.14,2.84,0.39,0,1.54,0.55,0.7,2.7,5,0,10,5,10,5.12,7.45,8,7.76,10,8.05,4.91,2.44,9.71,2.92,9.76,7.4,6.19,6.41,5.65,150
2019,Cabo Verde,CPV,Sub-Saharan Africa,8.26,36,1,,,,5.99,8.02,10,10,,10,10,8.85,9.37,9.7,8.86,9.84,9.81,9.54,9.73,10,9.87,9.88,9.78,10,9.89,9.88,8.76,10,,10,10,9.5,9.79,9.57,9.62,9.8,9.54,17,10,10,10,7.86,6.67,9.9,6.81,6.57,,10,10,8.65,35,10,10,10,2.5,10,,,10,8.13,8.7,36,8.41,5.22,9.21,10,8,4,6,7.69,7.62,6.61,5.97,5.44,,6.23,6.06,8.92,5.55,6.4,9.65,9.66,9.78,10,9.77,7.55,7.96,4.74,6.75,5.11,6.66,5.88,10,8.2,9.23,0,5.81,7.11,10,9.48,10,9.83,3.9,4.66,6.65,8,5.07,1,4.88,4.53,6,9.58,6.4,9.27,7.98,7.29,7.33,7.65,41
2019,Cambodia,KHM,South Asia,6.47,115,3,2.23,2.56,2.62,2.47,9.46,5,10,7.5,10,10,3.96,4.55,7.29,8.38,5.6,8.88,8.42,7.63,7.5,7.57,6.57,6.96,7.5,7.23,6.9,2.22,2.5,2,5,3.17,5.25,6.51,4.51,5.42,2.91,3.43,149,10,6.94,2.5,2.66,1.12,6.12,2.23,1.54,2,5,3.5,4.07,145,10,10,10,7.5,10,,,7.5,8.75,5.94,125,8.68,9.86,9.53,4.62,10,10,10,7.84,8.37,3.23,3.37,4.5,,1.72,1.82,7.55,3.73,3.7,7.95,9.64,9.6,10,9.3,8.58,7.78,6.45,7.6,5.66,4,4.83,10,10,5.38,10,8.46,7.72,,10,9,9.5,6.67,5.07,5.72,10,6.3,5,6.46,4.27,4.67,6.04,2.32,4.99,8.06,5.06,7.01,7.22,72
2019,Cameroon,CMR,Sub-Saharan Africa,5.63,145,4,1.8,4.12,2.44,2.79,9.59,5,0,2.5,0,4.3,2.8,6.39,3,6.3,5.27,9.06,8.53,7.62,5,6.31,7.03,9.02,7.5,8.26,7.64,5.84,0,4,5,3,7.46,9.82,5.74,7.67,3.58,5.02,132,8.85,0,0,5.45,4.4,5.26,3.9,5.89,2,2.5,2.25,4,147,0,0,0,7.5,9.86,,,7.5,6.22,5.47,143,6.68,7.86,9.53,9.18,5,4,4.5,6.45,7.5,3.52,3.38,4.29,4.17,3.52,2.17,3.97,5.07,2.76,9.68,9.59,9.51,0,7.19,7.07,6.36,6.29,6.57,5.32,0,2.66,10,1.65,1.54,0.66,1.28,5.13,5,8.11,10,7.7,7.23,4.79,6.63,8,7.01,10,7.28,4.23,3.56,9.27,1.78,8.83,3.01,5.11,6.7,5.86,145
2019,Canada,CAN,North America,8.85,6,1,8.71,7.04,7.41,7.72,9.48,10,10,10,10,9.9,8.86,9.83,9.8,9.64,9.82,9.36,9.49,9.56,10,9.78,9.39,9.55,10,9.77,9.58,9.44,10,,10,10,8.93,9.91,9.72,9.52,9.2,9.54,17,10,10,10,9.38,9.68,9.89,8.7,8.51,,10,10,9.57,7,10,10,10,10,10,,,10,10,9.4,8,9.9,3.88,7,9.43,4,4,4,7.21,6.3,7.99,7.96,7.72,10,8.19,5.82,8.68,7.92,8.04,9.52,9.51,9.61,10,9.66,9.75,9.22,2.56,7.18,5.94,9.89,7.91,10,10,6.92,0.11,5.68,7.69,10,10,10,10,8.9,6.09,7.24,8,8.27,10,8.08,4.83,8,9.95,8.55,6.85,8.53,7.79,8.62,8.06,14
2019,Central African Republic,CAF,Sub-Saharan Africa,5.62,147,4,,,,2.48,4.16,10,4.1,0,0,0,3.21,3.4,2.96,3.56,6.02,6.55,6.64,6.4,7.5,6.95,8.34,9.13,7.5,8.32,8.33,5.27,0,6,7.5,4.5,7.04,9.41,7.92,8.12,4.3,5.55,126,0,10,2.5,7.03,6.01,8.74,4.48,4.88,6,7.5,6.75,5.6,124,10,10,10,7.5,7.84,,,7.5,8.21,5.81,129,7.9,7.41,9.58,0,5,,5,8.6,6.12,6.15,3.03,3.92,,3.18,0.51,4.97,5.71,3.46,8.31,8.74,9.46,0,6.63,6.29,6.4,6.18,6.29,3.28,2.28,2.78,10,1.65,1.54,1.88,1.69,5.19,5,10,10,8.33,0,,,6,7.01,0,3.25,,0.67,7.84,2.9,7.31,4.59,4.66,5.41,5.36,156
2019,Chad,TCD,Sub-Saharan Africa,5.57,150,4,,,,3.18,7.37,5,5.04,2.5,0,6.84,1.71,2.28,3.34,5.36,5.14,8.94,8.54,7.54,7.5,7.52,7.92,8.15,7.5,7.82,7.87,3.3,2.5,3,5,3.5,6.64,7.61,6.64,6.96,3.75,4.38,138,8.14,8.47,2.5,8.02,0.69,4.44,4.27,5.47,3,5,4,5.11,130,10,0,5,5,6.59,,,5,5.4,5.54,138,5.03,10,9.92,7.23,8,8,8,7.87,8.6,3.16,3.22,3.57,,2.35,2.22,6.79,3.3,2.69,9.45,7.83,9.81,0,6.77,,6.42,6.21,6.31,3.92,0.77,2.35,10,1.65,1.54,1.66,1.62,5.07,2,5.88,10,5.96,5,4.2,6.1,6,7.94,3,5.37,3.64,0.89,6.28,0.95,7.2,0.65,3.27,4.87,5.6,152
2019,Chile,CHL,Latin America & the Caribbean,8.44,28,1,7.68,6.31,5.6,6.53,8.72,10,10,5,10,9.1,7.47,8.64,8.6,8.66,9.9,9.96,9.91,9.92,10,9.96,9.94,9.62,10,9.81,9.87,8.66,5,10,10,8.33,9.33,9.91,9.89,9.71,8.28,8.75,54,10,10,10,8.89,7.51,9.69,7.07,6.98,10,10,10,8.9,26,10,10,10,7.5,10,,,10,9.38,8.86,31,9.48,6.23,8.49,10,6,6,6,8.4,7.83,7.41,6.98,7.16,7.5,6.81,5.37,9.1,7.79,6.62,9.33,9.55,9.49,10,9.59,9.79,8.8,9.83,9.48,7.01,6.83,6.92,10,7,2.31,9.4,6.24,8.16,8,8.58,10,8.86,5.57,3.44,8.3,10,2.52,0,4.97,4.02,7.78,9.84,7.46,7.74,6.68,7.25,7.03,7.85,29
2019,China,CHN,East Asia,5.57,150,4,3.5,5.35,4.5,4.45,9.85,5,10,6.25,10,9.99,2.52,6.47,7.18,8.52,4.73,5.52,5.47,5.24,5,5.12,1.87,0.61,2.5,1.55,1.71,1,2.5,2,2.5,2.33,2.29,1.04,1.5,1.61,1.75,1.67,163,10,6.03,0,0.29,0.42,2.2,1.42,1.33,2,2.5,2.25,2.66,160,10,10,10,10,10,,,10,10,4.87,154,9.09,2.93,8.29,9.17,6,6,6,3.98,6.08,4.29,5.12,5.96,5,4.38,4.75,8.32,5.98,5.15,9.86,9.31,9.42,5,8.4,9.35,8.48,7.54,8.46,5.81,8.64,7.22,10,1.65,0,1.77,1.14,6.71,2,8.55,10,6.85,8.9,5.77,6.05,10,2.52,0,5.54,5.63,3.33,9.71,3.44,9.11,8.45,6.61,6.33,6.53,116
2019,Colombia,COL,Latin America & the Caribbean,7.01,89,3,4.73,4.9,3.4,4.34,2.65,0,8.54,2.5,5.54,5.12,6.55,2.85,4.44,3.54,9.22,8.5,7.99,8.57,7.5,8.03,9.3,9.02,7.5,8.26,8.78,9.04,5,7,10,7.33,9.75,9.94,8.98,9.55,8.53,8.61,64,6.32,10,5,6.28,7.05,8.74,2.92,6.77,7,7.5,7.25,6.7,96,10,10,10,10,10,,,10,10,7.14,95,9.6,6.35,7.48,6.58,7,7,7,7.8,7.04,5.41,5.17,5.13,4.17,4.24,3.11,9.06,4.33,4.93,9.36,9.46,9.29,5,8.28,9.27,8.92,6.37,8.19,4.77,3.89,4.33,8.56,4.17,1.54,9.96,5.22,6.57,10,8.41,10,9.47,8.9,3.67,6.67,10,4.82,1,5.84,2.8,6,9.53,5.15,8.75,7.14,6.56,7.29,6.82,92
2019,Comoros,COM,Sub-Saharan Africa,6.07,130,4,,,,3.48,7.76,10,10,,10,10,3.5,8.88,8.73,8.24,7.27,9.32,8.22,8.27,7.5,7.89,4.32,5.37,5,5.18,4.75,7.19,2.5,,5,3.75,8.94,8.96,8.93,8.94,7.5,6.85,106,10,0,2.5,8.65,5.3,8.82,6.05,5.66,,5,5,5.77,119,0,0,0,2.5,10,,,0,3.13,5.73,132,4.14,8.76,,4.8,9,,9,4.39,6.74,6.1,3.91,4.33,,3.82,1.65,6.93,,3.8,9.65,9.59,9.26,0,7.13,,6.94,6.82,6.88,,6.37,6.37,10,1.65,4.17,10,5.27,7.13,,9.58,9,9.29,6.67,,,6,8.32,10,7.75,,2,8.86,5.07,9.17,8.88,6.8,7.94,6.55,113
2019,"Congo, Dem. Rep.",COD,Sub-Saharan Africa,5.62,147,4,2.2,3.46,2.58,2.75,6.06,5,7.81,0,0,8.68,4.16,6.54,4.6,5.33,7.81,7.65,7.72,7.73,7.5,7.61,6.23,8.44,5,6.72,6.47,6.71,2.5,3,5,3.5,8.48,9.49,7.07,8.35,4.49,5.76,122,9.23,7.31,2.5,6.52,3.04,4.57,3.84,6.37,3,5,4,5.26,128,10,10,10,2.5,10,,,7.5,7.5,5.81,129,7.54,9.32,9.92,10,5,2,3.5,5.61,7.67,3.46,2.5,3.25,2.5,2.59,0.97,5.96,3.15,2.69,6.46,2.21,9.06,5,5.68,7.79,7.82,7.38,7.66,5.09,0,2.55,10,1.65,0.77,0.77,1.06,5.32,0,9.11,8,5.7,1.67,3.94,6.33,8,10,3,5.49,3.2,0,9.59,2.54,8.9,6.12,5.06,5.42,5.36,156
2019,"Congo, Rep.",COG,Sub-Saharan Africa,5.55,152,4,,,,3.39,7.29,5,10,5,10,10,0.7,1.8,6.07,6.68,5.67,5.7,5.51,5.63,7.5,6.56,8.35,8.2,7.5,7.85,8.1,1.43,2.5,3,5,3.5,7.01,9.86,6.79,7.88,1.79,3.65,146,10,5.21,2.5,1.71,0.62,3.27,3.33,5.47,3,5,4,4.01,146,10,10,10,7.5,10,,,7.5,8.75,5.88,127,8.1,5.65,9.01,10,5,3,4,5.63,6.86,3.77,3.48,3.69,5,2.57,3.01,4.51,,2.95,8.39,2.61,9.56,0,5.14,9.32,7.62,7,7.98,4.03,0,2.01,10,1.65,1.54,1.66,1.62,5.4,0,10,4,4.67,1.1,,,4,7.53,10,5.66,,2.67,7.75,2.73,8.23,3.25,4.93,5.08,5.08,159
2019,Costa Rica,CRI,Latin America & the Caribbean,8.25,37,1,8.2,6.21,5.74,6.72,6.72,10,10,10,10,10,9.32,9.35,9.81,8.26,9.72,9.43,9.82,9.65,10,9.83,8.66,9.41,10,9.71,9.18,9.52,10,10,10,10,9.92,9.94,9.8,9.88,9.57,9.74,7,10,10,10,9.41,9.02,9.92,6.99,9.27,10,10,10,9.4,13,10,10,10,5,10,,,5,7.5,8.66,38,7.96,5.43,8.75,9.44,9,4,6.5,7.56,7.54,7.27,6.28,6.61,10,6.01,3.52,8.67,6.03,6.4,9.74,9.76,9.58,10,9.77,8.65,8.88,6.46,8,4.97,7.47,6.22,10,10,4.62,9.74,8.12,8.08,5,5.23,10,6.74,2.23,4.32,5.91,8,5.66,10,6.02,2.78,4.67,9.16,9.21,8.67,8.31,7.13,6.63,7.68,40
2019,Cote d'Ivoire,CIV,Sub-Saharan Africa,6.9,95,3,2.67,5.38,3.58,3.88,6.62,10,10,5,10,10,7.24,7.51,8.53,7.58,8.29,8.41,8.59,8.43,7.5,7.97,9.03,9.17,10,9.59,9.31,8.23,5,8,5,6,9.07,9.75,7.93,8.91,8.01,7.79,87,10,10,5,7.17,4.67,9.62,5.08,5.12,7,5,6,6.96,88,10,10,10,10,6.33,,,7.5,8.46,7.42,85,8.48,7.99,9.19,7,3,1,2,7.79,6.79,4.67,4.53,4.94,4.17,4.74,3.97,6.93,4.03,4.47,9.97,9.45,9.78,0,7.3,5.43,7.58,7.05,6.69,5.21,1.83,3.52,10,1.65,0.77,2.54,1.65,5.47,10,8.08,5,7.69,5.57,4.95,7.36,8,7.57,3,6.07,4.04,4.44,9.77,6.99,8.25,7.9,6.9,6.89,6.18,131
2019,Croatia,HRV,Eastern Europe,8.16,42,2,6.44,5.7,5.13,5.75,9.83,10,10,10,10,10,8.01,9.71,9.67,9.75,9.18,8.73,9.56,9.16,10,9.58,9.75,8.97,10,9.49,9.62,7.17,10,10,10,10,9.74,9.92,8.67,9.44,8.23,8.71,59,10,10,7.5,6.89,6.33,9.41,5.56,7.06,6,7.5,6.75,7.72,62,10,10,10,10,10,,,10,10,8.73,34,9.91,4.29,5.41,8.43,5,1,3,6.66,5.56,5.48,5.03,4.59,8.33,6.65,4.64,8.39,5.44,6.07,8.02,9.66,9.85,10,9.38,9.13,8.98,6.49,8.2,6.72,9.98,8.35,10,7,4.62,8.74,6.78,8.33,8,10,10,9.33,5.57,2.64,6.72,6,7.51,10,6.41,1.58,6.89,9.29,5.89,8.52,7.69,6.64,7.46,7.36,62
2019,Cyprus,CYP,Eastern Europe,8.42,29,1,,,,6.38,9.62,10,10,7.5,10,10,8.79,9.83,9.44,9.53,9.49,9.84,8.75,9.36,10,9.68,9.62,9.04,7.5,8.27,8.95,8.89,10,,10,10,9.76,9.85,9.54,9.71,9.48,9.52,20,10,10,10,8.95,8.49,9.9,7.79,6.29,,7.5,7.5,8.77,32,10,10,10,5,10,,,10,8.75,8.8,32,8.75,5.76,6.28,10,7,6,6.5,7.71,7.25,6.93,6.42,6.62,8.33,7.69,4,7.3,6.4,6.32,7.93,9.48,9.95,10,9.34,9.13,8.98,6.49,8.2,6.79,9.32,8.05,10,10,6.15,8.74,8.3,8.64,10,10,10,10,5.57,4.95,6.29,10,10,1,6.3,4.45,9.11,9.75,7.9,5,8.66,7.48,7.93,7.89,24
2019,Czech Republic,CZE,Eastern Europe,8.61,23,1,8.44,6.89,7.09,7.47,9.83,10,10,10,10,10,9.24,9.84,9.87,9.85,9.9,9.78,9.76,9.81,10,9.91,9.4,9.08,10,9.54,9.47,8.11,10,10,10,10,9.79,9.04,8.85,9.23,9.9,9.31,27,10,10,7.5,8.93,7.3,9.8,7.33,7.58,10,7.5,8.75,8.58,38,10,10,10,7.5,10,,,10,9.38,9.14,21,9.45,3.11,5.05,9.57,9,5,7,8.45,6.64,6.75,6.38,6.23,10,7.49,4.28,8.17,6.64,6.99,6.97,9.52,9.43,10,8.98,9.13,8.98,6.49,8.2,6.55,9.98,8.26,10,10,3.08,8.74,7.27,8.43,10,10,9,9.67,8.9,4.24,7.82,10,7.76,10,8.12,2.91,8.22,9.2,8.25,6.91,7.42,7.15,8.31,7.87,27
2019,Denmark,DNK,Western Europe,8.98,3,1,9.52,8.61,8.25,8.8,9.71,10,10,10,10,9.85,8.76,9.87,9.78,9.75,9.55,9.81,9.83,9.73,10,9.86,9.52,8.97,10,9.48,9.5,9.5,10,,10,10,9.81,9.93,9.74,9.82,9.77,9.77,5,4.85,10,10,9.29,9.78,9.92,9.55,9.72,,10,10,9.23,19,10,10,10,10,10,,,10,10,9.56,2,9.97,1.74,5.01,10,3,2,2.5,7.47,5.34,8.55,8.43,8.33,10,9.15,6.57,9.73,8.09,8.61,8.79,9.78,9.85,10,9.6,9.13,8.98,6.49,8.2,6.7,9.98,8.34,10,10,6.92,8.74,8.55,8.77,10,10,10,10,10,7.04,5.59,8,10,3,7.27,4.79,7.11,9.85,9.93,9.87,8.52,8.35,8.54,8.17,10
2019,Djibouti,DJI,Sub-Saharan Africa,5.84,137,4,,,,3.76,8.11,10,10,5,10,10,4.17,4.47,7.66,7.89,4.63,8.42,7.36,6.8,7.5,7.15,4.91,6.39,5,5.69,5.3,5.32,0,3,5,2.67,5.75,7.71,5.9,6.45,5.47,4.98,133,10,10,0,6.12,2.33,2.84,2.85,2.57,2,2.5,2.25,4.33,142,10,10,10,2.5,0.56,,,0,3.27,5.24,149,4.08,4.35,,5.62,8,4,6,8.82,6.2,4.6,2.8,4.33,,2.22,3.16,7.71,,3.41,,9.48,9.34,10,9.6,,5.82,6.66,6.24,,4.62,4.62,10,7,3.85,10,6.95,6.95,,,9,9,1.1,,,6,10,10,6.78,,1.56,9.13,1.71,8.53,9.15,6.01,7.26,6.68,105
2019,Dominican Republic,DOM,Latin America & the Caribbean,7.88,54,2,5.16,4.52,3.55,4.41,7.09,10,10,7.5,10,10,8.11,8.39,9.14,8.12,9.77,9.52,9.38,9.56,10,9.78,9.55,9.43,10,9.71,9.63,8.66,7.5,9,10,8.83,9,9.92,7.33,8.75,8.62,8.72,58,4.35,10,5,6.61,5.42,9.91,4.89,6.08,7,7.5,7.25,6.61,99,10,10,10,7.5,10,,,10,9.38,8.09,55,9.38,7.64,9.6,10,9,7,8,8.59,8.77,4.25,4.13,5.46,5,4.34,3.53,8.26,3.02,4.75,9.23,9.39,9.64,10,9.56,8.81,8.48,5.96,7.75,5.48,8.88,7.18,10,8.2,5.38,10,7.86,8.2,5,9.19,10,8.06,5.57,4.42,6.07,8,2.78,10,6.14,3.27,5.11,9.33,2.69,7.55,6.45,5.73,6.65,7.58,51
2019,Ecuador,ECU,Latin America & the Caribbean,7.43,72,2,4.59,4.95,3.55,4.36,8.31,10,10,5,9.81,9.84,9.46,9.38,9.07,8.69,9.62,9.44,9.68,9.58,10,9.79,9.8,8.89,10,9.45,9.62,6.47,5,9,7.5,7.17,9.78,9.51,9.16,9.48,4.57,6.92,105,10,8.54,5,7.47,7.08,7.8,6.33,8.52,8,7.5,7.75,7.61,65,10,10,10,7.5,10,,,7.5,8.75,7.96,67,8.94,6.08,9.59,8.07,7,4,5.5,6.29,7.11,3.89,3.91,4.46,2.5,4.71,4.31,8.82,4.64,4.66,9.99,9.25,9.95,5,8.55,6.53,7.54,4.93,6.34,3.89,5.24,4.57,10,7,1.54,10,6.18,6.77,8,8.73,10,8.91,4.43,2.56,6.22,6,0.65,10,4.98,2.47,3.11,8.1,5.81,8.76,2.56,5.14,6.34,6.68,105
2019,"Egypt, Arab Rep.",EGY,Middle East & North Africa,4.49,161,4,2.52,3.87,3.74,3.38,9.27,0,7.57,5,7.46,8,0.38,1.87,4.33,6.8,3.86,9.3,6.06,6.4,5,5.7,1.67,4.48,5,4.74,3.2,2.19,0,3,5,2.67,4.43,5.5,2.86,4.26,2.99,3.03,151,10,0,2.5,1.25,1.24,5.07,1.92,1.59,2,5,3.5,3.01,158,0,0,0,0,1.28,,,0,0.32,3.63,163,1.47,9.28,7.07,0.71,9,5,7,3.09,5.43,5.51,4.43,6.9,1.67,4.15,3.33,8.2,6.39,3.58,6.49,7.18,7.23,10,7.72,8.28,6.2,0,4.83,5.75,2.02,3.89,10,4.17,4.62,10,6.26,6.24,2,4.53,10,5.51,10,4.91,7.84,8,0.65,0,5.23,4.03,3.56,9.39,2.29,8.1,5.85,5.53,5.43,5.68,149
2019,El Salvador,SLV,Latin America & the Caribbean,7.39,73,2,5.01,5.32,3.06,4.46,0,5,10,7.5,10,10,5.52,8.05,8.01,4.01,8.29,9.56,8.64,8.83,10,9.42,8.81,9.69,10,9.84,9.33,8.01,7.5,8,7.5,7.67,9.48,9.93,9.75,9.72,8.56,8.49,67,5.33,10,5,6.71,5.3,8.93,4.41,6.45,8,7.5,7.75,6.65,97,10,10,10,10,10,,,7.5,9.38,7.39,88,9.23,7.02,9.34,10,8,8,8,8.97,8.67,4.73,4.11,4.39,4.17,4.08,3.27,8.17,2.57,4.44,8.99,9.77,9.98,10,9.69,9.26,8.8,6.64,8.23,5.22,8.54,6.88,10,7,3.08,8.74,6.27,7.85,8,8.21,10,8.74,4.43,3.46,7.32,6,2.6,3,4.47,2.46,5.33,9.01,4.1,5.85,8.12,5.81,6.34,7.39,60
2019,Estonia,EST,Eastern Europe,8.91,4,1,8.77,8.05,7.13,7.98,9.39,10,10,10,10,10,9.38,9.75,9.88,9.63,9.79,9.86,9.84,9.83,10,9.92,9.84,9,10,9.5,9.67,9.6,10,10,10,10,9.18,9.88,9.67,9.58,9.8,9.75,6,10,10,10,8.65,9.78,9.9,8.83,7.5,10,10,10,9.41,12,10,10,10,10,10,,,10,10,9.48,6,9.97,3.29,6.08,8.89,10,4,7,7.75,6.6,7.73,7.2,7.38,8.33,7.13,5.98,9.5,8.31,7.7,8.5,9.4,9.54,10,9.36,9.13,8.98,6.49,8.2,7.02,9.94,8.48,10,10,5.38,8.74,8.04,8.68,10,10,9,9.67,6.67,5.98,8.67,4,9.25,3,6.26,5.2,9.11,9.83,9.65,9.24,9.44,8.75,8.22,8.11,13
2019,Eswatini,SWZ,Sub-Saharan Africa,5.79,139,4,,,,4.4,6.63,10,10,7.5,10,10,4.56,7.43,8.5,7.56,7.68,8.14,6.38,7.4,7.5,7.45,8.2,7.2,7.5,7.35,7.77,1.69,2.5,3,5,3.5,0.86,0.91,2.02,1.26,3.26,2.43,155,10,10,2.5,3.29,1.38,5.11,2.4,3.34,2,5,3.5,4.61,136,0,10,5,2.5,10,,,2.5,5,5.6,137,6.28,4.59,9.89,3.76,7,7,7,3.82,5.81,4.29,5.43,5.99,,3.85,1.59,7.2,6.53,3.81,7.52,8.01,9.48,5,7.5,2.57,8.46,5.53,5.52,5.81,3.28,4.55,10,1.65,0.77,9.29,3.9,5.99,8,5.68,10,7.89,8.9,4.12,5.87,10,6.89,10,7.63,4.04,4,8.5,3.7,8.68,6.64,5.93,7.15,6.05,136
2019,Ethiopia,ETH,Sub-Saharan Africa,5.95,132,4,2.63,4.2,3.36,3.4,7.8,5,9.87,2.5,8.76,9.45,5.79,5.89,6.75,7.28,6.15,8.54,7.43,7.37,7.5,7.44,7.23,8.42,7.5,7.96,7.59,5.32,2.5,5,5,4.17,7.62,9.63,6.21,7.82,6.77,6.02,120,10,2.43,2.5,5.56,8.16,7.2,5.94,5.42,3,5,4,5.69,121,0,0,0,7.5,3.48,,,7.5,4.62,6,122,5.18,8.29,9.66,5.14,7,3,5,3.95,6.41,3.97,4.34,4.05,3.33,5.64,5.55,7.04,3.94,4.45,8.74,8.94,6.83,0,6.13,5.25,6.52,5.34,5.7,4.35,9.81,7.08,5.64,1.65,0,9.4,3.68,5.53,2,8.78,10,6.93,6.67,4.15,3.74,10,7.04,10,6.93,3.74,3.78,9.2,5.63,9.02,8.63,6.67,6.84,5.87,144
2019,Fiji,FJI,Oceania,7.36,75,2,,,,5.15,9.34,10,10,,10,10,5.55,9.02,9.09,9.22,8.3,9.4,9.3,9,10,9.5,7.89,8.51,10,9.26,8.57,6.19,5,,7.5,6.25,6.94,9.37,9.09,8.47,7.85,7.19,98,10,10,5,5.36,4.3,7.28,4.2,2.83,,7.5,7.5,6.28,106,10,10,10,10,10,,,7.5,9.38,7.9,69,9.36,4.79,9.5,4.46,5,5,5,6.32,6.01,4.12,6.14,4.5,,5.62,4.88,7.71,,5.17,9.68,9.1,9.65,0,7.11,6.7,7.76,0,4.82,3.83,6.53,5.18,10,1.65,0,10,3.88,5.97,10,9.3,10,9.77,8.9,,,10,8.27,10,9.29,,6.44,8.57,5.08,8.62,7.23,7.19,8.75,6.54,114
2019,Finland,FIN,Western Europe,8.85,6,1,9.58,8.15,8.31,8.68,9.53,10,10,10,9.7,8.37,9.71,9.8,9.65,9.59,9.9,9.87,9.89,9.88,10,9.94,9.71,9.12,10,9.56,9.63,7.8,10,,10,10,9,9.82,9.75,9.52,9.56,9.22,34,10,10,10,8.2,9.54,9.89,9.05,9.67,,10,10,9.6,4,10,10,10,10,10,,,10,10,9.52,4,9.98,2.79,4.07,9.16,3,2,2.5,7.17,5.14,8.56,8.67,9.34,10,8.91,6.29,7.52,9.54,8.6,7.96,9.79,9.8,10,9.39,9.13,8.98,6.49,8.2,7.94,9.13,8.54,10,10,3.08,8.74,7.27,8.5,10,9.6,10,9.87,3.9,4.32,2.8,8,10,3,5.34,6.49,8.22,9.56,8.93,9.86,8.99,8.67,7.96,7.92,21
2019,France,FRA,Western Europe,8.34,34,1,7.27,7.05,6.2,6.84,9.65,10,10,10,9.8,9.6,9.11,9.67,9.74,9.7,9.74,9.86,9.87,9.83,10,9.91,9.62,8.81,7.5,8.15,8.89,8.84,7.5,,7.5,7.5,9.81,9.54,9.67,9.67,8.76,8.69,61,5.98,10,10,9.64,9.27,9.86,8.58,9.69,,7.5,7.5,8.95,24,10,10,10,10,10,,,7.5,9.38,8.91,30,9.47,2.92,2.45,9.87,4,2,3,7.16,5.08,7.14,7.4,7.03,8.33,7.79,5.64,6.81,7.1,7.15,8,9.88,9.78,10,9.41,9.13,8.98,6.49,8.2,6.01,9.98,8,10,10,5.38,8.74,8.04,8.56,8,8.72,10,8.91,2.23,4.45,6.63,4,8.13,10,5.91,4.28,7.78,9.86,9.33,7.44,8.44,7.86,7.56,7.55,53
2019,Gabon,GAB,Sub-Saharan Africa,6.8,104,3,,,,4.04,7.66,10,10,5,8.46,10,8.04,9.36,8.69,8.18,9.44,9.4,9.52,9.45,7.5,8.48,9.57,9.2,10,9.6,9.59,7.28,2.5,4,5,3.83,8.46,9.46,7.15,8.36,7.56,6.76,107,10,10,2.5,8.96,4.86,9.06,5.54,5.63,4,5,4.5,6.78,94,10,10,10,7.5,10,,,7.5,8.75,7.51,81,8.9,5.12,9.45,10,5,2,3.5,5.9,6.79,4.07,3.52,4.17,3.33,4.82,2.92,4.86,2.78,2.69,9.11,7.35,9.51,0,6.49,7.33,6.46,6.18,6.66,4.22,3.57,3.89,10,1.65,1.54,6.31,3.16,5.93,5,10,10,8.33,7.23,4.35,5.86,8,8.5,10,7.33,3.44,3.78,9.53,7.67,6.43,2.92,5.63,7.1,5.8,147
2019,"Gambia, The",GMB,Sub-Saharan Africa,6.88,97,3,4.27,5.24,4.18,4.56,7.35,10,10,7.5,10,10,7.8,8.39,9.1,8.22,8.81,9.84,9.16,9.27,10,9.63,9.73,9.17,10,9.59,9.66,7.89,5,7,7.5,6.5,9.68,9.74,7.87,9.1,8.81,8.07,80,10,0,5,7.31,7.18,8.99,6.46,7.56,7,7.5,7.25,6.64,98,0,0,0,0,2.43,,,0,0.61,6.77,105,2.32,9.21,9.58,0,9,9,9,7.51,7.06,6.18,5.86,5.05,3.33,5.85,3.76,6.06,6.53,5.01,9.72,9.51,8.58,10,9.45,5.24,7.58,7.05,6.62,5.46,4.8,5.13,8.49,10,7.69,0,5.9,6.53,10,2.51,8,6.84,10,5.17,6.86,10,5.51,10,7.92,5.45,4,9.22,6.61,8.09,6.35,6.62,7.13,7.04,82
2019,Georgia,GEO,Caucasus & Central Asia,8.2,40,1,5.84,5.31,5.19,5.45,9.36,10,10,5,10,10,7.46,9.51,8.85,9.11,9.71,9.78,9.6,9.7,7.5,8.6,9.24,8.24,7.5,7.87,8.55,8.8,5,9,5,6.33,9.48,9.84,8.43,9.25,9.76,8.53,66,10,10,5,8.04,7.5,9.9,6.92,7.61,8,7.5,7.75,8.08,48,10,10,10,7.5,10,,,7.5,8.75,8.15,52,8.92,7.18,7.24,8.4,10,10,10,7.86,8.14,5.42,5.91,6.25,,5.63,6.8,9.98,7.07,6.72,8.04,9.67,9.03,10,9.18,9.91,9.72,8.72,9.45,6.5,9.58,8.04,10,10,6.92,10,8.97,9.12,10,9.16,10,9.72,6.67,5.79,7.08,8,9.25,3,6.63,6.08,8,9.95,7.26,9.89,7.58,8.13,8.16,8.26,5
2019,Germany,DEU,Western Europe,8.73,15,1,8.63,8.47,7.85,8.32,9.74,10,10,10,9.94,9.91,8.98,9.88,9.82,9.78,9.91,9.88,9.88,9.89,10,9.95,9.48,9.56,7.5,8.53,9,6.87,10,,7.5,8.75,9.89,8.99,9.7,9.53,9.85,8.75,54,10,10,10,9.24,9.47,9.33,7.85,8.96,,10,10,9.43,11,10,10,10,10,10,,,10,10,9.32,14,9.98,3.51,2.87,10,5,5,5,8.62,6,7.65,8,7.18,10,8.12,7.04,6.85,6.83,7.71,8.07,9.86,9.71,10,9.41,9.13,8.98,6.49,8.2,6.56,9.18,7.87,10,10,3.08,8.74,7.27,8.34,5,10,10,8.33,8.9,6.1,6.01,8,6.26,10,7.54,5.69,8.89,9.58,9.91,8.86,7.56,8.41,8.1,7.91,22
2019,Ghana,GHA,Sub-Saharan Africa,7.49,70,2,5.08,5.92,4.91,5.3,9.39,10,10,7.5,9.89,9.85,8.52,8.83,9.23,9.31,9.88,9.95,9.42,9.75,10,9.87,9.83,9.73,10,9.87,9.85,9.33,10,9,10,9.67,9.72,9.7,8.86,9.43,8.42,9.21,36,7.96,10,7.5,7.88,8.76,9.82,5.2,7.54,8,7.5,7.75,8.04,52,0,10,5,2.5,9.62,,,2.5,4.91,8.07,56,6.81,8.41,9.13,10,8,4,6,8.1,8.33,6.27,4.58,5.4,5,5.47,3.72,7.37,5.09,5.21,8.61,8.3,8.56,0,6.37,8.11,7.58,7.05,7.58,5.63,3.96,4.8,10,0,3.85,6.08,3.31,6.42,8,7.06,10,8.35,10,5.61,6.31,8,0,10,6.65,4.76,4.89,9.45,3.12,8.14,7.47,6.3,7.1,6.69,102
2019,Greece,GRC,Eastern Europe,7.86,56,2,6.6,5.86,4.99,5.82,9.74,10,10,5,10,9.5,9.41,9.66,9.08,9.41,9.92,9.69,9.78,9.79,10,9.9,8.89,7.44,7.5,7.47,8.18,9.18,10,,7.5,8.75,9.89,9.9,9.82,9.87,9.76,9.39,21,10,10,7.5,7.84,8.07,9.89,6.91,7.97,,7.5,7.5,8.41,42,10,10,10,5,10,,,5,7.5,8.37,46,7.96,5.21,4.22,7.47,4,1,2.5,7.67,5.41,6.18,4.84,5,8.33,6.95,3.07,7.93,5.12,5.93,7.57,9.68,9.95,10,9.3,9.13,8.98,6.49,8.2,6.24,9.44,7.84,10,7.48,0.77,8.74,5.66,7.93,10,10,9,9.67,5.57,4.6,5.58,6,5.51,3,5.04,2.62,5.56,9.86,7.05,7.98,7.84,6.82,7.18,7.15,78
2019,Guatemala,GTM,Latin America & the Caribbean,7.63,65,2,5.34,3.75,3,4.03,3.46,10,10,5,10,10,6.03,6.57,8.23,5.84,9.23,9.54,8.24,9,10,9.5,9.75,9.08,10,9.54,9.65,8.78,5,5,7.5,5.83,9.73,9.85,9.09,9.55,7.96,8.03,81,4.31,8.48,5,6.82,6.09,9.15,4.83,5.87,5,5,5,6.17,109,10,10,10,10,10,,,7.5,9.38,7.51,81,9.15,8.37,9.88,10,10,9,9.5,9.31,9.41,5.13,3.93,5.31,6.67,4.41,3.39,8.36,3.32,4.92,8.74,9.86,9.26,10,9.47,9.29,8.88,7.51,8.56,5.46,6.62,6.04,10,10,6.92,8.85,8.59,8.3,10,8.67,10,9.56,3.33,4.71,6.9,4,1.27,10,5.04,3.37,5.33,9.34,4.24,7.22,7.22,6.12,6.9,7.8,32
2019,Guinea,GIN,Sub-Saharan Africa,5.82,138,4,3.56,4.12,3.06,3.58,7.43,10,10,7.5,10,10,4.73,5.43,8.24,7.84,8.66,9.14,7.7,8.5,7.5,8,8.59,8.71,10,9.35,8.97,5.11,2.5,6,5,4.5,8.39,9.42,8.06,8.62,6.53,6.19,115,7.47,10,5,3.88,6.99,7.13,4.46,7.65,5,5,5,6.4,103,0,0,0,0,0.55,,,2.5,0.76,5.96,123,2.15,7.2,,0.62,5,2,3.5,5.86,4.29,4.33,3.55,3.99,0.83,3.6,5.39,7.59,5.3,3.94,9.06,7.78,8.11,5,7.49,9.26,7.58,7.05,7.96,4.08,1.91,3,10,0,0.83,2.66,1.16,5.53,,8.91,10,9.46,5.57,4.53,6.32,6,8.13,3,5.59,4.42,3.33,9.15,2.51,8.44,5.52,5.56,6.87,5.62,151
2019,Guinea-Bissau,GNB,Sub-Saharan Africa,6.77,106,3,,,,3.21,9.68,10,10,5,10,10,7.81,8.38,8.74,9.21,7.72,9.8,9.44,8.99,10,9.49,9.43,9.69,10,9.84,9.63,6.37,5,7,7.5,6.5,9.43,8.24,8.43,8.7,6.85,7.1,101,10,10,5,6.54,4.85,8.7,4.53,6.47,6,5,5.5,6.84,90,10,10,10,5,4.79,,,2.5,5.57,7.29,92,6.35,7.61,9.51,9.5,10,8,9,5.98,8.32,3.87,3.04,1.52,4.17,4.29,3.3,7.32,,2.77,9.6,7.36,9.95,0,6.73,6.49,7.58,7.05,7.04,5.12,4.33,4.73,10,1.65,0.77,10,4.14,6.48,10,7.13,5,7.38,3.33,,,8,2.52,3,4.21,,2.89,8.78,2.52,8.54,7.56,6.06,5.88,6.06,135
2019,Guyana,GUY,Latin America & the Caribbean,7.49,70,2,4.59,5.35,3.8,4.58,5.87,10,10,7.5,10,10,7.44,9.24,9.17,7.52,8.59,9.89,9.55,9.34,7.5,8.42,9.65,9.59,10,9.79,9.72,8.69,10,,10,10,9.8,9.9,9.36,9.69,8.87,9.31,27,10,10,7.5,7.81,6.44,9.78,6.22,7.82,,7.5,7.5,8.12,47,0,10,5,10,10,,,10,8.75,8.06,57,9.91,5.48,,9.04,5,3,4,6.31,6.21,5.73,5.28,4.43,6.67,3.97,4.45,7.62,5.8,5.33,9,8.89,9.58,5,8.12,,7.66,4.81,6.23,8.03,1.45,4.74,10,7.17,5.38,5.75,6.1,6.77,10,0,9,6.33,8.9,7.99,8.75,4,7.41,10,7.84,7.13,4,9.32,6.08,7.52,7.13,6.87,7.01,6.52,117
2019,Haiti,HTI,Latin America & the Caribbean,7.21,80,2,,,,3.67,8.05,10,10,5,9.7,9.76,6.83,5.52,8.12,8.08,8.15,9.19,9.42,8.92,10,9.46,9.73,9.2,7.5,8.35,9.04,8.82,2.5,7,7.5,5.67,9.46,9.47,7.99,8.97,4.87,7.08,102,7.36,10,5,7.69,5.47,9.31,6.18,7.24,7,7.5,7.25,7.28,79,10,10,10,10,10,,,7.5,9.38,7.71,76,9.38,9.73,9.92,6.25,8,7,7.5,8.43,8.36,3.58,3.22,2.68,0,2.62,3.88,2.76,2.39,2.41,7.59,8.55,6.26,5,6.85,,8.24,5.78,7.01,3.71,7.27,5.49,10,10,6.15,10,8.72,7.8,8,9.14,9,8.71,6.67,4.65,6.94,10,10,10,8.04,2.32,0.67,4.97,2.21,9.3,7.94,4.57,7.11,6.51,118
2019,Honduras,HND,Latin America & the Caribbean,7.09,86,3,2.61,4.15,2.64,3.13,0,10,10,7.5,9.31,9.91,6.31,7.43,8.64,4.32,8.65,9.72,9.05,9.14,7.5,8.32,9.68,9.3,10,9.65,9.66,8.84,2.5,5,7.5,5,9.22,9.85,8.02,9.03,8.93,7.95,84,0,7.49,2.5,7,5.86,9.57,4.08,5.87,5,7.5,6.25,5.4,126,10,10,10,10,10,,,10,10,6.97,99,9.81,7.54,10,9.66,9,9,9,8.48,8.94,4.57,3.8,4.43,4.17,3.95,2.64,7.59,3.51,4.2,9.05,9.35,9.13,10,9.38,9.46,8.86,7.04,8.45,5.19,4.1,4.64,10,1.65,2.31,8.85,4.27,6.84,10,10,9,9.67,0,4.56,5.74,8,2.52,10,5.14,2.97,4.22,8.36,4.13,8.75,7.72,6.02,6.94,7.26,70
2019,"Hong Kong SAR, China",HKG,East Asia,8.41,30,1,6.31,7.74,7.16,7.07,9.8,,10,,10,10,5.68,8.48,8.83,9.31,9.35,9.73,9.67,9.58,,9.58,8.56,8.53,,8.53,8.55,3.85,2.5,,,2.5,7.32,7.86,8.34,7.84,5.35,4.88,134,10,10,5,6.17,5.08,9.69,4.74,5.27,,,,6.99,85,10,10,10,10,10,,,10,10,8.06,57,9.93,7.77,9.29,7.36,10,10,10,7.67,8.42,7.8,8.64,8.71,6.67,6.42,6.13,6.95,8.93,7.53,9.86,9.67,9.43,10,9.74,9.99,10,10,10,8.32,9.67,8.99,10,10,7.69,10,9.23,9.56,10,9.77,10,9.92,10,8.06,8.63,10,9.5,10,9.37,7.31,9.33,9.95,5.44,9.79,9.61,8.57,9.29,8.91,1
2019,Hungary,HUN,Eastern Europe,7.73,59,2,6.84,4.54,4.68,5.36,9.27,10,10,7.5,10,10,8.54,9.83,9.41,9.34,9.89,9.83,9.87,9.87,10,9.93,8.56,9.07,7.5,8.28,8.42,4.51,10,7,7.5,8.17,8.91,9.89,6.79,8.53,5.69,6.72,108,10,10,5,5.36,5.02,9.33,5.51,4.29,5,5,5,6.61,99,10,10,10,10,10,,,5,8.75,7.88,70,8.97,3.36,6.02,7.92,10,4,7,5.35,5.93,5.33,5.73,4.95,10,5.88,4.62,8.03,5.91,6.31,9.43,9.31,9.33,10,9.52,9.13,8.98,6.49,8.2,5.71,9.97,7.84,10,10,3.85,8.74,7.53,8.39,8,9.28,9,8.76,7.23,5.02,6.24,4,7.76,10,6.71,3.3,7.33,9.61,7.03,7.78,6.9,6.99,7.49,7.53,54
2019,Iceland,ISL,Western Europe,8.77,12,1,,,,7.95,9.74,10,10,10,10,10,9.69,9.77,9.92,9.83,9.5,9.89,9.85,9.75,10,9.87,9.82,9.48,10,9.74,9.78,8.64,10,,10,10,9.67,9.87,9.61,9.72,9.79,9.54,17,10,10,7.5,9.16,9.55,9.91,6.25,6.92,,10,10,8.81,30,10,10,10,10,10,,,10,10,9.4,8,9.97,2.24,7.67,10,4,3,3.5,7.18,6.12,7.93,8.39,8.2,10,8.54,6.78,8.75,9.02,8.45,9.63,9.16,9.4,10,9.55,9.91,9.38,4.1,7.8,5.47,8.78,7.12,10,7,2.31,8.74,6.01,7.73,2,9.41,10,7.14,5.57,7.15,4.7,8,10,10,7.57,5,8,9.59,9.03,9.55,8.43,8.27,7.66,7.9,23
2019,India,IND,South Asia,6.39,119,3,4.54,4.5,3.97,4.33,9.1,5,9.77,5,9.62,9.67,6.8,5.46,7.33,8.21,8.62,8.2,7.64,8.15,7.5,7.83,5.98,5.99,5,5.49,5.73,2.6,5,6,5,5.33,9.43,8.4,8.73,8.85,3.86,5.16,131,9.58,9.82,5,4.88,4.1,4.82,3.21,6.11,6,5,5.5,5.89,116,0,10,5,5,10,,,5,6.25,6.2,119,7.53,6.87,8.44,7.31,7,7,7,8.11,7.55,6.23,5.87,5.69,6.67,6.33,4.43,6.34,5.34,5.52,7.76,9.51,8.47,5,7.68,9.09,6.48,2.68,6.08,5.76,7.35,6.55,10,1.65,0,0.77,0.81,5.86,2,7.46,10,6.49,6.67,5.26,6.28,4,6.3,10,6.42,5.18,5.33,9.37,6.4,9.18,7.18,7.11,6.67,6.66,108
2019,Indonesia,IDN,South Asia,7.1,85,3,4.43,4.58,3.95,4.32,9.88,10,10,7.5,9.87,9.94,6.87,7.71,8.84,9.36,8.45,9.16,8.3,8.64,7.5,8.07,7.28,6.4,5,5.7,6.49,7.51,5,6,7.5,6.17,8.67,8.1,8.58,8.45,7.39,7.38,95,10,10,7.5,7.53,7.39,8.1,4.46,6.85,6,7.5,6.75,7.62,64,5,5,5,7.5,10,,,0,5.63,6.98,98,6.16,7.9,9.56,10,8,7,7.5,5.86,8.16,5.89,5.13,6.15,4.17,4.97,4.33,6.69,5.62,4.9,9.63,9.52,9.39,10,9.64,9.52,8.38,5.76,7.89,5.53,4.38,4.96,10,4.17,1.54,10,5.23,7.02,5,9.28,10,8.09,1.1,5.83,6.34,10,0,5,4.71,5.08,5.33,9.54,6.1,7.65,7.86,6.93,6.58,7.26,70
2019,"Iran, Islamic Rep.",IRN,Middle East & North Africa,4.53,160,4,2.49,5.52,3.72,3.91,9.28,5,9.34,2.5,9.25,9.74,2.69,3.82,6.05,7.67,4.6,9.02,5.43,6.35,5,5.67,3.89,2.75,5,3.87,3.88,1.85,0,2,2.5,1.5,3.25,4.3,3.25,3.6,2.1,2.26,158,10,0,0,2.8,1.35,3.36,3.43,4.77,2,2.5,2.25,3.11,157,0,0,0,0,10,,,0,2.5,4.14,160,3.09,6.19,7.99,7.95,7,7,7,4.15,6.65,3.46,3.32,4.22,6.67,4.81,4.62,8.17,5.13,3.56,9.57,3.15,2.02,10,6.18,7.52,5.98,2.6,5.37,4.94,4.39,4.66,0,0,0.83,10,3.61,3.41,0,9.22,10,6.41,7.77,3.88,5.31,8,2.52,1,4.74,2.4,0,7.67,5.67,8.79,7.58,5.35,5.5,5.06,160
2019,Iraq,IRQ,Middle East & North Africa,5.02,157,4,,,,2.49,,0,3.05,2.5,0,0,1.24,1.77,1.22,1.22,7.87,8.81,5.83,7.5,7.5,7.5,8.55,4.77,7.5,6.13,7.34,5.31,0,7,5,4,8.16,7.87,7.19,7.74,7.94,6.25,113,0,8.73,2.5,4.8,4.97,7.17,2.7,4.24,3,5,4,4.34,141,0,0,0,0,9.26,,,0,2.32,4.49,159,3.02,3.62,7.86,0.01,10,8,9,4.76,5.05,5.16,3.58,,2.5,3.24,4.84,6.64,,3.18,8.18,2.68,9.96,10,7.71,9.7,,,9.7,6.37,0.46,3.42,8.99,,2.31,1.32,1.81,5.98,,10,9,9.5,2.23,,,6,6.55,10,6.19,,0,8.74,1.67,8.2,6.5,5.02,6.91,5.74,148
2019,Ireland,IRL,Western Europe,8.9,5,1,,,,7.37,9.74,10,10,7.5,10,10,9.34,9.71,9.51,9.62,9.74,9.82,9.78,9.78,10,9.89,9.8,8.91,10,9.46,9.63,9.27,10,,10,10,9.58,9.87,9.78,9.74,9.84,9.71,8,10,10,10,9.42,8.88,9.89,8.7,9.43,,10,10,9.59,5,10,10,10,10,10,,,10,10,9.4,8,9.96,3.47,7.58,10,6,4,5,7.56,6.72,7.83,7.15,7.89,10,8.78,4.72,7.27,7.81,7.68,8.97,9.22,9.81,10,9.5,9.13,8.98,6.49,8.2,6.73,9.09,7.91,10,10,7.69,8.74,8.81,8.73,8,10,9,9,8.9,5.14,7.15,10,6.37,10,7.93,4.9,8.44,9.65,9.26,8.24,9.09,8.26,8.4,8.21,7
2019,Israel,ISR,Middle East & North Africa,7.66,62,2,,,,6.83,9.56,10,2.79,5,8.33,6.52,7.59,8.84,7.01,8.29,8.08,9.51,8.51,8.7,7.5,8.1,8.64,9.61,10,9.81,9.22,6.19,7.5,,7.5,7.5,9.77,8.82,9.5,9.36,7.5,7.64,89,3.31,0,7.5,9.01,5.82,9.47,7.11,6.38,,7.5,7.5,6.23,108,10,10,10,2.5,10,,,7.5,7.5,7.69,77,7.7,3.11,6.48,10,5,5,5,7.58,6.43,6.91,7.12,7.4,4.17,7.74,4.61,6.93,6.82,6.08,9.62,9.59,9.83,10,9.76,9.75,9.28,6.26,8.43,5.79,7.4,6.59,10,10,6.15,10,8.72,8.43,10,8.41,10,9.47,8.9,5.8,6.97,8,2.52,0,5.36,4.22,8.22,9.62,7.45,7.65,7.38,7.42,7.42,7.63,43
2019,Italy,ITA,Western Europe,8.49,26,1,7.87,5.63,6.43,6.64,9.83,10,10,10,10,9.8,8,9.42,9.6,9.71,9.91,9.91,9.91,9.91,10,9.95,9.85,9.64,7.5,8.57,9.21,9.49,10,,10,10,9.9,9.47,9.47,9.61,9.35,9.61,14,10,10,7.5,8.77,9.47,9.91,7.53,7.62,,7.5,7.5,8.7,34,10,10,10,10,10,,,10,10,9.12,23,9.98,4.78,3.51,10,4,1,2.5,7.81,5.72,6.13,5.19,5.63,10,6.62,3.54,8.25,6.41,6.47,7.8,9.94,9.88,10,9.41,9.13,8.98,6.49,8.2,6.02,9.98,8,10,10,6.92,8.74,8.55,8.69,10,9.26,10,9.75,5.57,3.33,3.82,8,10,10,6.79,1.76,7.11,9.5,7.29,7.82,7.33,6.8,7.78,7.61,47
2019,Jamaica,JAM,Latin America & the Caribbean,7.91,52,2,5.93,5.14,4.99,5.35,0,10,10,7.5,10,10,8.17,7.79,9.07,4.53,9.58,9.84,9.89,9.77,10,9.88,9.87,9.67,10,9.83,9.85,9.38,7.5,10,10,9.17,8.76,9.88,9.18,9.27,9.51,9.33,25,10,10,10,9.43,8.85,9.91,6.76,8.86,10,10,10,9.31,17,0,10,5,7.5,10,,,10,8.13,8.06,57,9.48,7.35,8.38,10,8,5,6.5,8.85,8.22,6.71,5.82,5.74,8.33,5.01,3.27,8.72,4.25,5.81,8.59,9.46,9.22,10,9.32,7.43,8.28,5.49,7.07,6.13,5.7,5.91,10,4.17,1.54,10,5.23,7.05,10,10,9,9.67,8.9,4.72,6.97,10,6.55,10,7.86,3.72,6,9.86,6.81,8.63,7,7,8.17,7.71,39
2019,Japan,JPN,East Asia,8.73,15,1,8.29,7.94,7.56,7.93,9.91,10,10,10,10,9.93,9.02,9.79,9.82,9.87,9.45,9.88,9.85,9.72,10,9.86,9.3,9.66,10,9.83,9.56,9.38,10,,10,10,9.8,9.95,8.53,9.43,9.81,9.65,13,10,10,7.5,9.28,7.23,9.84,6.31,7.02,,10,10,8.58,38,10,10,10,7.5,10,,,10,9.38,9.26,17,9.47,3.94,4.16,9.83,3,3,3,9.37,6.06,7.88,7.9,8.69,8.33,8.11,5.54,8.01,8.72,7.67,8.6,9.64,9.9,10,9.54,9.64,9.08,3.23,7.32,6.26,8.73,7.49,10,10,8.46,6.86,8.44,8.31,8,8.08,10,8.69,8.9,4.17,7.92,8,10,10,8.17,5.01,8.44,9.56,8.18,9.15,8.56,8.15,8.34,7.98,18
2019,Jordan,JOR,Middle East & North Africa,6.91,94,3,5,6.21,5.68,5.63,9.59,10,10,7.5,9.34,8.66,6.26,7.26,8.43,9.01,8.27,9.44,6.55,8.08,7.5,7.79,6.3,6.24,5,5.62,5.96,5.05,2.5,5,5,4.17,9.02,8.93,6.34,8.1,6.18,5.87,121,10,10,2.5,6.19,2.34,7.15,4.24,4.03,4,5,4.5,5.66,123,10,10,10,0,10,,,0,5,6.42,115,5.31,7.11,7.19,9.05,9,7,8,7.86,7.84,5.98,5.98,6.69,5.83,5.85,3.73,6.72,7.98,4.3,9.83,9.82,9.85,10,9.87,9.33,7.98,3.94,7.08,5.82,6.73,6.27,10,10,6.15,10,8.72,8.02,10,6.2,10,8.73,7.77,5.48,7.19,6,10,10,7.74,4.64,5.56,9.35,5.12,9.82,8.92,7.23,7.9,7.59,50
2019,Kazakhstan,KAZ,Caucasus & Central Asia,6.77,106,3,4.43,6.15,4.61,5.07,8.52,10,10,5,10,9.95,3.94,7.8,8.1,8.31,7.27,8.56,8.56,8.13,7.5,7.82,4.64,4.96,5,4.98,4.81,3.41,2.5,3,5,3.5,4.55,5.57,4.08,4.73,4.6,4.06,142,10,1.84,0,4.49,1.11,4.35,4.29,2.94,2,5,3.5,3.61,150,10,10,10,10,10,,,10,10,6.24,118,9.71,7.37,8.1,9.37,10,8,9,5.31,7.83,4.24,4.11,5.64,8.33,4.92,5.04,9.91,5.24,5.58,9.21,8.31,8.95,10,9.12,6.71,8.78,7.58,7.69,5.8,4.89,5.34,10,1.65,6.92,7.85,5.48,7.13,8,9.79,10,9.26,10,5.27,7.85,10,9.25,3,7.56,4.94,6.22,9.84,4.17,9.24,7.92,7.05,7.96,7.52,55
2019,Kenya,KEN,Sub-Saharan Africa,6.73,109,3,3.15,4.61,3.84,3.87,8.58,5,9.36,5,7.38,8.89,5.57,4.15,6.48,7.53,7.45,8.68,8.62,8.25,7.5,7.88,8.64,9,5,7,7.82,5.99,5,5,5,5,8.72,9.63,8.8,9.05,6.31,6.59,110,9.38,10,5,7.02,7.67,9.56,5.4,7.03,5,5,5,7.34,75,0,10,5,5,7.9,,,2.5,5.1,6.59,111,6.8,7.75,9.57,0.47,8,8,8,7.83,6.72,5.24,4.54,4.97,5.83,5.08,4.42,7.24,4.86,4.96,9.78,8.84,8.96,10,9.4,7.55,7.32,4.8,6.56,5.17,5.49,5.33,10,7,3.85,3.87,4.9,6.7,10,0.29,10,6.76,6.67,5.16,6.64,8,6.3,10,7.13,4.78,4.22,9.03,6.82,8.32,7.99,6.86,6.92,6.94,86
2019,"Korea, Rep.",KOR,East Asia,8.39,31,1,8.38,7.64,7.07,7.69,9.83,10,10,7.5,10,10,9.38,9.53,9.49,9.66,8.88,9.81,9.9,9.53,7.5,8.51,9.85,9.85,10,9.92,9.89,6.88,10,7,7.5,8.17,9.65,9.63,9.72,9.67,8.28,8.25,76,10,10,7.5,7.7,9.44,7.97,7.94,9.05,8,7.5,7.75,8.59,37,10,10,10,10,10,,,10,10,8.94,29,9.98,4.09,6.89,9.41,5,5,5,7.22,6.52,6.04,6.84,6.69,6.67,7.54,6.88,8.22,7.24,6.6,8.93,9.44,9.92,10,9.57,9.59,7.28,0,5.62,5.63,9.58,7.6,10,10,6.15,10,8.72,7.99,8,10,10,9.33,5.57,4.24,6.31,10,2.52,0,4.77,3.76,9.11,9.59,7.88,9.99,8.05,8.06,7.39,7.61,47
2019,Kuwait,KWT,Middle East & North Africa,6.34,121,3,,,,5.52,9.46,10,10,7.5,10,10,5.14,8.46,8.73,9.1,9.16,9.09,6.95,8.4,7.5,7.95,6.94,5.9,5,5.45,6.19,4.22,2.5,4,5,3.83,0.78,3.61,1.97,2.12,5.88,4.01,143,10,3.62,2.5,5.4,4.85,6.69,4.94,5.55,4,5,4.5,5.34,127,0,10,5,2.5,10,,,0,4.38,6.07,120,5.89,1.08,6.9,6.46,10,10,10,5.38,5.96,6.17,6.13,5.73,8.33,6.24,5.07,9.51,6.6,4.94,8.98,3.29,9.78,10,8.01,9.38,9.06,7.88,8.77,5.21,4.1,4.65,10,7,3.85,6.31,5.72,7.29,10,10,10,10,10,5.41,6.35,4,4.39,3,5.52,4.83,2.44,9.36,4.94,9.23,8.9,6.62,7.38,6.72,98
2019,Kyrgyz Republic,KGZ,Caucasus & Central Asia,7.18,81,2,3.99,4.87,3.31,4.06,9.36,10,10,2.5,10,10,4.44,7.62,7.79,8.58,9.49,9.27,7.56,8.77,7.5,8.14,6.46,8.41,7.5,7.96,7.21,6.29,5,7,7.5,6.5,9.61,9.2,7.07,8.63,6.69,7.02,104,10,0,5,6.68,5.86,8.79,4.38,6.89,6,5,5.5,5.9,115,10,10,10,10,10,,,7.5,9.38,7.18,94,9.01,6.76,7.21,,10,7,8.5,7.11,7.4,4.7,4.15,4.28,,5.24,4.52,9.87,3.75,4.91,8.45,9.22,9.77,10,9.36,7.83,8.68,7.6,8.04,5.1,6.05,5.58,10,5.35,1.54,7.97,4.95,7.14,8,9.93,8,8.64,5,4.34,7.39,10,7.76,1,5.91,3.92,4.22,9.67,5.59,8.19,7.53,6.52,7.03,7.17,77
2019,Lao PDR,LAO,South Asia,5.85,136,4,,,,3.71,7.96,10,10,7.5,10,10,1.54,1.79,7.26,7.61,3.78,6.88,6.58,5.74,7.5,6.62,4.42,5.89,5,5.44,4.93,1.42,0,1,5,2,3.92,0.19,2.07,2.06,3.16,2.16,161,10,10,0,0.89,0.13,6.55,0.36,0.37,1,2.5,1.75,3.34,153,10,10,10,7.5,10,,,7.5,8.75,5.3,147,8.32,6.74,9.86,6.55,9,9,9,3.08,7.05,5.29,4.05,4.59,,2.52,3.08,8.45,5.37,4.76,6.1,9.44,9.34,5,7.47,9.02,8.28,7.11,8.14,5.52,7.45,6.49,10,1.65,1.54,10,4.4,7.25,,8.25,10,9.13,5.57,4.46,6.61,10,1.02,1,4.78,4.38,3.33,6.62,3.51,9.41,5.94,5.53,6.48,6.6,111
2019,Latvia,LVA,Eastern Europe,8.67,21,1,,,,6.77,8.72,10,10,10,10,10,9.26,9.41,9.81,9.26,9.61,9.8,9.89,9.77,10,9.88,9.59,9.64,10,9.82,9.7,9.2,10,10,10,10,9.47,9.22,9.71,9.47,9.69,9.59,15,10,10,7.5,9.39,9.39,9.79,9.2,8.65,8,7.5,7.75,9.07,22,10,10,10,10,10,,,10,10,9.18,20,9.98,4.62,6.16,7.82,7,4,5.5,8.11,6.44,6.87,6.16,6.18,8.33,7.67,5.53,9.03,6.2,7,8.47,9.33,9.44,10,9.31,9.13,8.98,6.49,8.2,6.76,9.42,8.09,10,10,6.92,8.74,8.55,8.71,10,9.82,8,9.27,5,5.06,8.03,10,7.76,10,7.64,4.25,9.11,9.81,8.18,7.79,8.11,7.88,8.26,7.94,20
2019,Lebanon,LBN,Middle East & North Africa,6.76,108,3,4.8,4.2,3.46,4.15,9.27,5,10,2.5,8.04,9.61,5.02,7.82,6.85,8.06,9.02,9.32,6.92,8.42,7.5,7.96,9.7,8.45,7.5,7.98,8.84,7.18,7.5,8,7.5,7.67,8.98,9.76,6.5,8.41,6.79,7.51,92,10,6.43,5,5.92,5.76,9.43,4.34,5.62,6,5,5.5,6.44,102,0,10,5,0,10,,,2.5,4.38,6.76,106,5.88,7.39,7.51,10,10,8,9,6.72,8.12,4.57,3.93,5.08,3.33,4.26,3.16,7.33,4.64,4.14,8.53,8.84,9.4,10,9.19,9.1,8.86,5.42,7.79,4.89,3.12,4,6.78,4.48,1.54,9.18,5.07,5.91,10,0,10,6.67,5.57,4.85,6.4,8,10,10,7.47,3.55,0.89,8.94,3.64,6.4,7.97,5.23,6.46,6.76,95
2019,Lesotho,LSO,Sub-Saharan Africa,7.01,89,3,,,,4.59,0,10,10,5,10,10,5.48,5.86,8.05,4.02,9.3,9.49,8.47,9.09,10,9.54,9.66,9.74,10,9.87,9.76,8.86,5,6,10,7,9.52,9.76,9.31,9.53,8.1,8.37,71,10,10,5,7.34,7.52,9.17,5.5,7.3,6,5,5.5,7.48,72,10,10,10,5,10,,,5,7.5,7.32,91,7.69,1.8,8.57,3.35,8,8,8,7.31,5.81,5.73,4.79,4.44,,5.82,3.93,6.49,6.38,5.21,9.39,8.69,8.96,5,8.01,7.67,8.46,5.6,7.24,3.35,9.81,6.58,10,1.65,1.54,4.43,2.54,6.59,10,7.11,9,8.7,6.67,4.28,4.37,8,6.55,10,6.64,4.45,4.67,9.46,5.38,7.91,6.33,6.37,7.24,6.57,112
2019,Liberia,LBR,Sub-Saharan Africa,6.81,103,3,4.46,4.39,3.13,3.99,9.06,10,10,7.5,10,10,6.49,8.1,8.87,8.97,9.84,9.76,9.2,9.6,7.5,8.55,9.3,8.36,7.5,7.93,8.62,9.11,5,7,10,7.33,9.61,9.66,8.73,9.33,8.85,8.66,62,10,10,5,8.97,5.87,9.71,6.13,8.46,7,7.5,7.25,7.93,55,0,0,0,2.5,5.56,,,5,3.27,7.14,95,4.45,7.38,8.64,4.11,9,8,8.5,7.11,7.15,5.55,3.5,4.16,5,4.06,2.87,4.8,4.38,4.29,8.27,8.58,4.61,10,7.86,6.43,7.58,7.05,7.02,4.67,0,2.33,10,7.17,8.46,1.55,5.73,6.27,8,0,9,5.67,6.67,4.55,5.91,8,3.09,10,6.37,4.62,2.89,9.36,4.16,9.46,8.44,6.49,6.17,6.35,122
2019,Libya,LBY,Middle East & North Africa,5.05,156,4,,,,2.29,9.27,10,0,0,0,0,1.93,1.69,1.95,5.61,5.82,5.27,5.12,5.4,5,5.2,6.84,2.49,5,3.75,5.29,7.69,2.5,3,5,3.5,7.85,8.22,7.25,7.77,7.66,6.65,109,0,10,2.5,2.55,7.09,8.2,4.07,5.24,4,5,4.5,4.9,134,0,0,0,7.5,10,,,7.5,6.25,5.17,152,6.02,0,,,10,9,9.5,5.44,4.98,4.44,2.49,3.28,5,5.01,3.62,,4.66,3.47,8.75,4.23,9.09,10,8.02,,,,,5.75,4.26,5.01,0,1.65,0.77,0.22,0.88,1.96,,10,7,8.5,7.23,4.35,6.7,8,4.39,10,6.78,4.27,0,8.52,0.77,,0.03,2.72,6,4.79,163
2019,Lithuania,LTU,Eastern Europe,8.68,19,1,,,,6.79,8.66,10,10,10,10,10,9.26,9.73,9.86,9.26,9.66,9.85,9.9,9.8,10,9.9,9.82,9.36,10,9.68,9.75,7.48,10,10,7.5,9.17,9.67,9.01,9.76,9.48,9.4,8.88,49,10,10,10,8.04,8.11,9.89,9.07,8.86,9,7.5,8.25,9.13,20,10,10,10,7.5,10,,,10,9.38,9.01,28,9.48,5.38,6.2,10,9,8,8.5,8.2,7.66,7.11,6.19,6.2,8.33,6.75,6.24,9.67,6.96,7.18,8.43,9.35,9.53,10,9.33,9.13,8.98,6.49,8.2,6.16,9.78,7.97,10,9.4,6.92,8.74,8.35,8.63,10,10,10,10,7.23,4.97,8.31,8,8.5,3,6.67,3.8,9.33,9.77,7.36,9.71,8.94,8.15,8.27,8.21,7
2019,Luxembourg,LUX,Western Europe,8.8,10,1,,,,7.99,9.91,10,10,,10,10,9.04,8.95,9.66,9.79,9.76,9.78,9.75,9.76,10,9.88,9.8,9.09,10,9.54,9.67,9.45,10,,10,10,9.03,9.9,9.48,9.47,9.74,9.66,12,10,10,10,9.39,9.62,9.82,7.05,8.48,,10,10,9.37,16,10,10,10,10,10,,,10,10,9.48,6,9.95,0.97,4.87,7.69,6,6,6,8.37,5.58,8.09,7.87,8.49,10,8.66,7.46,6.18,8.59,8.17,8.27,9.28,9.65,10,9.3,9.13,8.98,6.49,8.2,7.44,9.98,8.71,10,,3.08,8.74,5.91,8.2,8,10,9,9,2.23,5.67,6.78,6,8.5,10,6.53,5.89,7.11,9.4,9.68,8.39,9.38,8.31,7.95,7.84,30
2019,Madagascar,MDG,Sub-Saharan Africa,7.02,88,3,3.22,4.3,3.55,3.69,7.77,10,10,7.5,10,10,6.29,7.31,8.73,8.25,7.95,9.06,8.84,8.62,10,9.31,9.19,8.32,7.5,7.91,8.55,9.1,7.5,5,5,5.83,9.13,9.85,8.42,9.13,8.98,8.26,75,10,10,5,6.54,6.94,9.52,4.71,5.77,4,5,4.5,7,84,10,10,10,2.5,10,,,7.5,7.5,7.51,81,7.77,6.81,9.33,6.99,10,7,8.5,7.1,7.75,4.08,3.41,3.68,1.67,3.91,2.96,5.15,2.5,3.02,8.63,9.57,8.88,5,8.02,8.06,7.68,7.26,7.67,4.83,5.09,4.96,10,1.65,0.77,10,4.14,6.69,10,9.2,5,8.07,0,4.49,7.22,8,7.12,1,4.64,3.13,3.33,9.43,3.79,7.69,7.95,5.89,6.2,6.33,124
2019,Malawi,MWI,Sub-Saharan Africa,6.99,91,3,5.22,5.59,4.61,5.14,9.48,10,10,5,10,10,7.29,7.78,8.58,9.03,9.58,9.71,9.06,9.45,10,9.72,9.38,9.1,10,9.55,9.46,7.49,5,8,7.5,6.83,8.45,9.88,7.36,8.56,7.26,7.53,91,10,10,5,7.04,6.21,9.34,5.59,7.46,7,7.5,7.25,7.54,69,0,0,0,7.5,10,,,5,5.63,7.72,74,6.31,7.37,9.79,1.31,7,4,5.5,7.61,6.32,5.47,4.52,4.86,5.83,5.81,2.33,8.55,4.32,4.91,7.2,7.6,8.13,5,6.98,8.45,7.56,6,7.34,5.83,5.02,5.42,2.86,1.65,1.54,10,4.4,5,10,4.03,6,6.68,4.43,4.48,6.89,10,5.68,10,6.91,4.4,3.11,8.47,4.53,8.41,8.11,6.17,6.59,5.96,141
2019,Malaysia,MYS,South Asia,7.17,82,2,5.13,6.27,5.56,5.65,9.39,5,10,10,10,10,5.92,8.26,8.45,8.92,7.32,9.49,9.24,8.68,7.5,8.09,8.24,5.78,7.5,6.64,7.44,6.42,5,5,7.5,5.83,8.6,9.62,8.47,8.89,7.08,7.06,103,10,10,7.5,5.72,7.01,7.95,6.27,6.35,6,7.5,6.75,7.51,70,0,0,0,0,10,,,5,3.75,6.92,100,4.85,6.96,8.05,6.51,9,9,9,4.7,7.04,6.32,6.83,7.52,8.33,5.93,5.73,8.63,7.38,5.83,4.55,9.32,9.87,10,8.43,9.84,8.88,4.71,7.81,6.89,8.54,7.72,10,4.17,0.77,10,4.98,7.63,10,9.09,10,9.7,10,6.67,7.33,10,4.24,10,8.04,6.67,9.56,9.32,6.02,10,8.05,8.27,8.67,7.52,55
2019,Mali,MLI,Sub-Saharan Africa,6.25,124,4,3.64,4.16,2.96,3.59,6.83,0,0,2.5,0,0,6.14,7.17,2.26,4.54,8.92,9.4,7.97,8.76,7.5,8.13,9.6,7.04,10,8.52,9.06,8.3,5,7,7.5,6.5,9.58,9.06,8.75,9.13,7.39,7.83,85,10,10,5,8.34,6.66,7.4,5.39,6.91,6,7.5,6.75,7.38,74,10,10,10,5,1.14,,,5,5.29,6.55,112,5.82,6.6,9.9,1.85,5,2,3.5,7.61,5.89,5.25,3.89,4,3.33,5.08,2.63,5.8,3.96,3.49,9.96,9.82,9.67,0,7.36,8.01,7.58,7.05,7.55,4.56,5.3,4.93,10,1.65,0.77,2.77,1.73,6.05,10,8.11,5,7.7,5.57,4.89,5.45,8,7.57,0,5.25,4.01,3.33,9.05,4.29,8.88,6.91,6.08,6.34,5.83,146
2019,Malta,MLT,Western Europe,8.45,27,1,,,,6.68,9.53,10,10,,10,10,9.15,6.51,9.28,9.41,9.72,9.16,9.01,9.3,10,9.65,9.78,9.47,10,9.74,9.76,9.32,10,,10,10,9.77,9.83,9.72,9.77,9.13,9.56,16,0,10,7.5,7.23,7.79,9.82,5.51,6.15,,7.5,7.5,6.83,91,10,10,10,7.5,10,,,10,9.38,8.75,33,9.3,3.84,7.22,10,7,7,7,6.81,6.97,6.55,6.78,6.82,10,7.3,5.35,5.24,5.29,6.47,8.59,9.88,9.67,10,9.53,9.13,8.98,6.49,8.2,7.05,8.92,7.98,10,10,7.69,8.74,8.81,8.75,10,10,10,10,7.23,5.16,7.32,8,10,10,7.95,4.79,6.67,9.27,6.85,8,8.44,7.34,8.43,8.03,15
2019,Mauritania,MRT,Sub-Saharan Africa,5.73,143,4,4.03,3.65,3.05,3.58,7.11,10,10,5,10,10,6.43,8.61,8.58,7.84,7.7,9.05,8.29,8.35,5,6.67,5.58,4.77,5,4.88,5.23,5.88,2.5,6,7.5,5.33,8.13,7.03,5.57,6.91,6.1,6.05,118,10,0,5,7.32,6.78,8.62,6.15,5.29,6,5,5.5,6.07,111,0,0,0,0,3.34,,,0,0.84,5.18,151,2.33,6.32,,8.73,5,5,5,7.28,6.83,3.76,3.66,3.2,,3.17,6.27,7.59,6.23,3.56,9.61,8.4,9.54,5,8.14,,7.58,7.19,7.39,3.3,5.57,4.43,10,1.65,3.33,10,4.99,6.7,10,10,9,9.67,5.57,3.45,6.02,8,7.94,5,6,2.54,2.67,9.64,4.88,9.21,6.97,5.99,7.22,6.49,120
2019,Mauritius,MUS,Sub-Saharan Africa,8.07,46,2,6.23,6.36,5.34,5.98,9.16,10,10,10,10,10,8.68,8.82,9.64,9.4,9.72,9.75,8.87,9.44,10,9.72,9.57,9.25,7.5,8.38,8.97,8.95,10,9,10,9.67,9.87,9.83,9.29,9.66,8.67,9.24,33,10,10,7.5,7.46,8.18,9.72,7.73,7.63,7,7.5,7.25,8.39,44,0,0,0,2.5,10,,,5,4.38,8.01,63,5.27,6.82,8.39,6.5,10,10,10,7.82,7.91,6.94,6.43,7.19,,6.59,5.25,9.48,6.14,6.86,8.48,9.75,9.92,10,9.54,9.81,9.84,8.58,9.41,6.5,8.54,7.52,10,7,4.62,10,7.2,8.53,8,5.81,10,7.94,6.67,5.98,6.24,10,8.5,10,7.9,5.02,8.44,9.85,7,9.36,8.43,8.02,7.95,8.16,11
2019,Mexico,MEX,Latin America & the Caribbean,6.92,93,3,4.58,3.88,2.96,3.81,1.54,0,10,7.5,9.68,9.9,3.48,6.41,6.71,4.13,9.69,9.79,9.74,9.74,7.5,8.62,8.91,8.8,7.5,8.15,8.53,9.16,7.5,7,10,8.17,9.15,9.81,8.21,9.06,8.52,8.73,57,2.37,10,5,8.17,4.69,9.72,4.47,6.63,5,7.5,6.25,6.37,105,10,10,10,0,10,,,7.5,6.88,6.72,107,7.45,7.38,8.75,10,8,8,8,7.27,8.28,4.72,4.28,5.19,5,3.5,5.07,7.33,2.47,4.69,8.99,9.54,9.27,5,8.2,9.76,8.58,5.85,8.06,6.11,8.46,7.29,10,7,2.31,7.19,5.5,7.71,8,9.02,10,9.01,6.67,4.05,7,8,4.82,3,5.59,3.11,5.78,9.57,4.85,9.56,7.3,6.7,7.1,7.2,75
2019,Moldova,MDA,Eastern Europe,7.68,61,2,5.34,4.78,3.63,4.59,8.87,10,10,5,10,10,6.75,8.87,8.66,8.76,9.18,9.57,9.59,9.45,7.5,8.47,8.67,7.97,7.5,7.73,8.2,7.1,7.5,7,7.5,7.33,9.75,9.9,7.62,9.09,9.12,8.16,78,10,10,5,6.35,8.07,9.41,6.32,5.61,6,7.5,6.75,7.5,71,10,10,10,10,10,,,10,10,7.95,68,9.92,7.54,6.68,10,10,5,7.5,7.37,7.82,4.86,4.63,4.89,6.67,6,4.32,9.57,4.42,5.67,8.77,9.16,9.03,5,7.99,9.35,8.94,7.8,8.69,6.12,8.79,7.46,10,1.65,0.77,10,4.14,7.57,10,9.14,10,9.71,5.57,4.72,7.58,6,6.79,3,5.61,4.02,7.11,9.83,6.73,6.38,7.95,7,7.44,7.3,66
2019,Mongolia,MNG,East Asia,8,47,2,5.32,5.3,4.9,5.18,8.2,10,10,10,10,10,6.22,9.78,9.43,8.81,9.78,9.39,9.21,9.46,10,9.73,9.44,9.2,7.5,8.35,8.89,8.56,10,9,10,9.67,9.75,9.62,8.73,9.37,8.18,8.94,46,10,10,7.5,7.72,8.59,9.46,6.36,6.98,7,7.5,7.25,8.21,45,10,10,10,7.5,10,,,10,9.38,8.45,44,9.34,6.43,7.53,7.4,10,8,9,6.97,7.47,5.28,4.53,4.27,8.33,5.51,6.25,9.11,5.05,6.04,7,8.32,8.54,10,8.47,8.85,8.96,9,8.94,4.99,2.59,3.79,10,8.35,5.38,2.54,5.43,7.04,,10,10,10,8.9,4.65,7.79,6,9.25,3,6.6,3.01,6.22,9.6,6.48,8.68,8.5,7.08,7.89,7.38,61
2019,Montenegro,MNE,Eastern Europe,7.88,54,2,,,,5.34,9.36,10,10,7.5,10,10,7.14,7.07,8.82,9.09,8.73,9.85,9.67,9.42,10,9.71,8.67,8.48,7.5,7.99,8.33,8.84,7.5,8,7.5,7.67,9.57,9.82,8.64,9.34,8.63,8.62,63,10,0,5,5.21,5.26,9.69,4.76,6.18,6,7.5,6.75,5.87,117,10,10,10,10,10,,,7.5,9.38,8.05,60,9.43,5.89,,5.18,10,4,7,7.58,6.41,6.13,5.78,5.56,,5.9,4.8,7.68,5.89,5.44,9.82,9.34,9.93,10,9.77,7.8,9.26,7.93,8.33,5.73,9.29,7.51,10,,6.92,9.51,8.22,8.51,10,8.49,10,9.5,6.67,5.12,6.47,10,7.76,10,7.67,5,7.11,9.6,4.96,9.25,6.64,7.09,8.09,7.64,42
2019,Morocco,MAR,Middle East & North Africa,5.9,134,4,3.27,5.37,3.79,4.14,9.59,10,10,5,10,10,6.15,8.92,8.58,9.09,8.78,9.36,5.56,7.9,5,6.45,3.21,4.67,5,4.84,4.02,4.02,2.5,3,7.5,4.33,8.44,9.43,7.28,8.38,4.58,5.33,129,10,1.15,2.5,5.92,3.86,9.31,4.47,5.21,3,5,4,5.16,129,0,0,0,2.5,10,,,0,3.13,5.33,146,3.61,4.34,8.24,8.81,5,3,4,7.29,6.54,5.94,5.58,7.16,6.67,5.85,4.88,7.52,8.08,5.7,9.46,9.84,9.96,0,7.32,9.32,7.72,3.48,6.84,6.74,8.08,7.41,10,1.65,0.77,7.63,3.35,6.9,8,8.53,10,8.84,1.1,4.72,7.26,8,5.29,3,4.89,5.23,6,9.67,4.29,9.97,8.26,7.24,6.99,6.69,102
2019,Mozambique,MOZ,Sub-Saharan Africa,6.8,104,3,2.55,4.58,3.29,3.47,9.01,10,4.76,5,0,6.77,4.99,3.82,5.05,7.03,8.59,9.09,8.05,8.58,7.5,8.04,9.64,8.9,7.5,8.2,8.92,8.14,5,4,7.5,5.5,8.65,9.43,8.75,8.94,6.79,7.34,96,10,10,5,4.84,5.35,9.66,5.02,6.24,4,5,4.5,6.73,95,10,10,10,10,10,,,7.5,9.38,7.27,93,9.11,4.56,9.55,2.43,7,5,6,5.24,5.55,4.53,3.82,3.81,7.5,4.92,1.76,7.54,2.89,4.46,7.84,8.02,9.44,5,7.58,9.13,7.94,7.03,8.03,4.08,7.4,5.74,10,1.65,0,10,3.88,6.91,10,9.92,9,9.64,3.33,3.63,5.44,6,0,0,3.07,3.3,3.78,8.33,3.74,8.98,7.76,5.98,6.23,6.15,132
2019,Myanmar,MMR,South Asia,5.78,141,4,1.7,3.73,2.73,2.72,9.34,5,4.33,2.5,7.39,8.27,5.22,5.94,5.52,7.43,5,7.16,6.4,6.18,5,5.59,6.83,5.51,5,5.25,6.04,5.3,5,4,5,4.67,8.87,9.11,7.13,8.37,6.55,6.22,114,8.88,4.02,2.5,5.04,7.1,8.85,5.33,5.98,4,5,4.5,5.8,118,0,10,5,2.5,10,,,7.5,6.25,5.72,133,7.28,4.49,9.89,7.87,9,9,9,5.85,7.42,4.31,4.14,3.23,3.33,5.07,1.87,7.36,3.1,3.81,9.98,9.15,8.23,0,6.84,9.72,8.7,7.35,8.59,,0.89,0.89,10,0,0.77,1,0.59,5.02,0,8.04,9,5.68,8.9,,,8,4.01,0,5.23,,6.22,9.64,6.05,9.48,6.84,7.65,6.18,5.94,143
2019,Namibia,NAM,Sub-Saharan Africa,7.56,66,2,6.22,6.66,5.54,6.14,4.85,10,10,7.5,10,10,7.22,9.31,9.15,7,9.57,9.51,9.43,9.5,10,9.75,9.27,9.66,10,9.83,9.55,8.71,7.5,8,10,8.5,8.26,9.49,8.74,8.83,9.14,8.79,52,10,10,7.5,8.59,6.73,8.54,5.79,7.01,8,10,9,8.13,46,0,10,5,7.5,10,,,7.5,7.5,8.12,53,8.89,4.07,8.65,8.1,6,6,6,6.83,6.73,6.69,6.26,6.73,10,7.17,4.82,4.63,5.43,6.28,9.9,8.5,9.26,0,6.91,2.79,8.46,5.53,5.6,5.41,5.27,5.34,10,1.65,0.77,10,4.14,6.27,10,3.6,10,7.87,10,4.63,6.15,10,8.27,10,8.17,4.8,4.22,8.18,8.95,8.31,6.61,6.85,7.63,6.76,95
2019,Nepal,NPL,South Asia,7.12,84,3,3.75,4.8,4.38,4.31,9.33,10,10,7.5,9.59,9.34,6.72,8.04,8.74,9.04,8.17,9.72,6.86,8.25,7.5,7.87,9.31,7.89,7.5,7.7,8.5,7.18,7.5,7,7.5,7.33,9.68,9.53,9.52,9.57,7.86,7.99,83,10,10,5,6.9,7.44,7.3,5.62,7.02,8,5,6.5,7.31,78,10,10,10,0,10,,,7.5,6.88,7.41,86,6.87,7.57,9.21,8.49,5,5,5,7.8,7.61,5.09,3.76,4.7,,5.86,3.34,7.98,5.1,4.97,9.8,9.41,8.89,0,7.02,5,7.56,5.27,5.94,4.86,7.94,6.4,10,1.65,0,10,3.88,6.56,8,8.98,10,8.99,6.67,4.03,5.6,10,2.6,10,6.48,3.55,6.22,9.07,6.2,8.98,5.77,6.63,7.37,6.71,99
2019,Netherlands,NLD,Western Europe,8.78,11,1,8.64,8.47,7.58,8.23,9.83,10,10,10,9.61,9.59,9.72,9.5,9.77,9.8,9.28,9.87,9.86,9.67,10,9.83,9.39,9.76,10,9.88,9.64,8.58,10,,10,10,9.71,9.88,9.79,9.79,9.18,9.39,21,10,10,10,8.88,9.42,9.91,6.94,8.17,,10,10,9.26,18,10,10,10,7.5,10,,,10,9.38,9.36,11,9.47,1.21,3.89,9.7,3,3,3,7.76,5.11,8.16,8.55,8.48,10,8.77,6.57,7.95,8.32,8.35,8.04,9.53,9.47,10,9.26,9.13,8.98,6.49,8.2,7.15,9.98,8.56,10,10,8.46,8.74,9.07,8.96,5,10,10,8.33,6.67,6.4,5.18,10,7.53,10,7.63,5.66,9.11,9.85,8.76,8.29,8.67,8.39,8.12,7.96,19
2019,New Zealand,NZL,Oceania,9.01,2,1,8.35,7.84,7.22,7.8,9.8,10,10,10,0,0.97,9.67,9.84,7.21,8.5,9.8,9.93,9.92,9.88,10,9.94,9.85,9.87,10,9.94,9.89,9.38,10,,10,10,9.82,9.77,9.71,9.77,9.64,9.7,9,10,10,10,9.61,9.46,9.9,7.77,8.8,,10,10,9.5,9,10,10,10,10,10,,,10,10,9.33,12,9.98,4.52,6.38,7.34,7,7,7,7.75,6.6,8.66,8.53,8.09,10,8.41,7.18,9.9,8.68,8.68,9.92,9.54,9.68,10,9.78,8.88,9.6,8.94,9.14,7.45,8.74,8.09,10,10,6.92,6.53,7.82,8.76,10,10,9,9.67,8.9,5.28,7.62,10,10,10,8.63,5.19,9.11,9.98,9.65,9.4,8.43,8.63,8.98,8.56,3
2019,Nicaragua,NIC,Latin America & the Caribbean,6.24,125,4,2.62,3.77,2.93,3.1,7.91,10,10,2.5,10,10,1.3,2.19,6.57,7.24,3.56,6.57,7.88,6,7.5,6.75,5.28,7.49,5,6.24,5.76,1.55,0,2,5,2.33,7.41,9.29,3.92,6.87,1.38,3.04,150,5.41,10,2.5,0.53,0.95,3.05,2.2,5.32,4,5,4.5,3.83,148,10,10,10,10,10,,,10,10,5.67,134,9.58,6.52,10,3.25,8,3,5.5,6.01,6.26,2.69,2.82,4,4.17,3.36,5.14,6.97,5.09,4.28,9.86,9.34,8.92,10,9.53,9.64,8.86,7.04,8.51,5.06,6.07,5.57,10,10,5.38,10,8.46,8.13,10,9.79,9,9.6,6.67,4.98,5.53,2,6.26,10,5.91,3.32,3.56,8.86,2.06,7.24,7.75,5.46,6.99,7.04,82
2019,Niger,NER,Sub-Saharan Africa,6.41,118,3,3.54,4.47,3.78,3.93,8.71,10,3.34,2.5,0,6.8,7.43,7.58,5.38,7.04,9.29,9.57,9.09,9.32,7.5,8.41,7.7,8.13,10,9.06,8.38,7.83,5,6,5,5.33,8.95,9.72,9.12,9.26,6.25,7.17,99,10,8.87,5,8.71,8.3,7.68,6.36,7.06,7,5,6,7.55,68,10,10,10,0,9.8,,,0,4.95,6.78,104,5.78,5.84,9.84,4.15,7,3,5,7.49,6.46,5.36,4.7,4.21,3.33,4.48,4.4,7.32,,3.69,9.26,9.52,9.5,0,7.07,3.82,7.58,7.05,6.15,6.42,4.38,5.4,10,1.65,0.77,2.1,1.51,5.76,10,8.5,5,7.83,1.67,,,8,7.38,0,4.26,,4.89,9.56,6.83,9.26,6.97,7.5,6.53,5.97,139
2019,Nigeria,NGA,Sub-Saharan Africa,6.28,123,3,3.32,4.98,4.01,4.1,0,10,6.38,2.5,0,7.35,3.01,3.72,4.71,2.35,7.96,9.29,9,8.75,5,6.88,8.86,8.42,5,6.71,7.78,8.13,5,7,7.5,6.5,9.81,9.38,8.66,9.29,6.76,7.67,88,9.7,9.49,5,9.19,7.81,9.38,5.15,8.37,6,7.5,6.75,7.87,57,0,0,0,5,8.05,,,2.5,3.89,5.79,131,4.91,9.58,9.87,8.27,9,5,7,6.95,8.33,4.88,3.29,4.04,3.33,4.21,5.09,4.55,3.05,3.7,8.92,8.65,7.72,10,8.82,,7.58,7.05,7.31,6.31,0.57,3.44,10,3,5.38,2.1,3.5,6.06,10,7.95,10,9.32,10,6.06,7.72,10,10,10,8.96,2.85,2,9.49,3.4,9.2,6.15,5.52,7.93,6.97,84
2019,North Macedonia,MKD,Eastern Europe,7.75,58,2,5.53,5.53,4.49,5.18,9.65,10,10,5,10,10,6.65,9.63,8.75,9.2,9.36,9.6,9.05,9.34,7.5,8.42,8.81,8.55,7.5,8.03,8.42,8.13,7.5,9,10,8.83,8.88,9.91,9.02,9.27,9.58,8.95,45,10,10,7.5,7.41,7.01,9.87,5.4,5.65,6,7.5,6.75,7.73,60,10,10,10,10,10,,,7.5,9.38,8.18,51,9.31,6.59,5.08,8.12,10,7,8.5,7.84,7.23,3.72,3.89,4.31,,4.83,3.95,8.38,3.91,4.57,8.01,9.24,9.85,5,8.02,9.59,8.66,6.54,8.26,4.95,9.61,7.28,10,4.48,3.08,8.74,5.43,7.74,10,9.37,10,9.79,7.23,4.33,5.74,8,7.38,10,7.11,3.31,8.89,9.49,4.67,9.43,8.67,7.41,8.1,7.13,79
2019,Norway,NOR,Western Europe,8.76,13,1,9.1,8.51,8.33,8.65,9.65,10,10,10,9.69,9.66,9.52,9.83,9.81,9.73,9.88,9.92,8.9,9.56,10,9.78,9.29,9.86,10,9.93,9.61,9.39,10,,10,10,9.67,9.86,9.4,9.64,9.78,9.7,9,10,10,10,9.68,9.72,9.9,8.67,8.97,,10,10,9.66,2,10,10,10,7.5,10,,,10,9.38,9.5,5,9.28,1.39,4.75,7.82,6,3,4.5,7.08,5.11,8.4,8.33,7.93,10,9,7.3,9.12,7.98,8.51,9.37,8.6,9.57,10,9.38,9.91,8.8,0,6.24,5.41,9.85,7.63,10,10,4.62,8.74,7.78,7.91,10,10,8,9.33,7.23,4.54,4.73,6,10,0,5.42,4.75,7.78,9.85,9.58,9.13,9.11,8.37,7.71,7.72,37
2019,Oman,OMN,Middle East & North Africa,5.92,133,4,,,,6.05,9.91,10,10,7.5,10,10,5.76,8.1,8.77,9.34,8.07,9.12,5.76,7.65,7.5,7.57,5.63,6.36,5,5.68,5.66,1.92,0,2,5,2.33,0.71,1.94,,1.32,3.12,2.17,160,10,10,2.5,3.51,2.06,3.54,2.22,1.49,1,5,3,4.26,143,0,0,0,0,10,,,0,2.5,5.36,145,3.15,0.69,8.13,1.79,10,10,10,4.94,5.11,6.03,7.01,7.69,8.33,6.7,5.04,7.69,8.55,5.24,7.76,5.2,9.97,10,8.23,9.63,8.88,4.98,7.83,6.02,8.56,7.29,10,10,5.38,0.55,5.31,7.61,10,5.48,7,7.49,8.9,5.42,7.15,2,,10,6.69,5.66,5.78,9.82,6.55,8.88,9.24,7.65,7.28,6.69,102
2019,Pakistan,PAK,South Asia,5.63,145,4,2.44,3.84,3.54,3.27,8.87,0,9.25,2.5,6.78,6.63,2.53,4.11,4.54,6.7,7.58,8.28,5.21,7.02,5,6.01,7.94,4.17,5,4.59,6.26,5.37,7.5,4,5,5.5,8.09,9.12,8.51,8.58,5.07,6.13,116,8.7,9.65,2.5,2.71,3.93,5.15,2.67,6.43,3,5,4,5.08,132,0,10,5,2.5,10,,,0,4.38,5.41,144,5.54,8.11,9.22,9.47,7,7,7,7.34,8.23,5.33,3.55,4.71,2.5,4.22,3.5,6.64,4.73,3.62,7.94,8.8,7.88,0,6.16,7.93,7.58,5.6,7.04,4.99,4.33,4.66,10,1.65,0.77,0.55,0.99,5.67,8,2.71,10,6.9,1.1,5.37,5.48,6,2.6,10,5.09,4.65,5.11,9.4,2.05,8.87,6.83,6.15,6.05,5.95,142
2019,Panama,PAN,Latin America & the Caribbean,8.12,44,2,6.03,4.8,3.31,4.71,7.27,10,10,7.5,10,10,7.53,9.47,9.21,8.24,8.97,8.59,9.67,9.08,10,9.54,9.83,9.59,7.5,8.55,9.19,8.98,10,8,10,9.33,9.76,9.85,9.61,9.74,8.81,9.22,34,10,3.94,7.5,9.1,6.84,9.85,5.79,7.74,7,7.5,7.25,7.56,66,10,10,10,10,10,,,10,10,8.35,47,9.93,6.24,8.56,9.74,9,4,6.5,7.42,7.69,4.53,4.88,5.84,8.33,5.02,2.69,8.82,5.46,5.53,9.86,9.64,9.93,10,9.86,9.56,8.98,6.37,8.3,5.87,8.9,7.39,10,10,10,10,10,8.92,8,8.81,10,8.94,2.23,3.63,5.99,4,4.13,10,5,3.95,6.67,9.75,6.65,9.2,5.43,6.94,6.96,7.79,33
2019,Papua New Guinea,PNG,Oceania,7.17,82,3,,,,3.93,7.09,10,10,7.5,10,10,6.15,8.33,8.85,7.97,8.74,9.87,8.79,9.13,10,9.57,9.83,9.26,10,9.63,9.73,9.08,7.5,9,7.5,8,9.73,9.84,8.49,9.35,9.11,8.89,48,10,10,7.5,7.11,6.66,9.5,4.55,6.51,8,7.5,7.75,7.73,60,0,10,5,5,10,,,5,6.25,7.72,74,7.76,3.44,8.04,,5,5,5,6.27,5.69,5.65,4.96,3.58,7.5,4.92,1.01,6.93,5.65,4.58,7.15,7.74,9.27,0,6.04,6.61,9.18,5.49,7.09,7.16,6.25,6.71,10,5.83,7.69,9.62,7.72,7.88,10,5.41,10,8.47,7.77,,,10,7.01,10,8.69,,3.56,8.49,3.05,7.38,7.68,6.03,7.73,6.23,128
2019,Paraguay,PRY,Latin America & the Caribbean,7.54,67,2,,,,4.32,7.94,10,10,5,10,10,7.87,9.14,8.86,8.4,9.62,9.74,9.52,9.63,10,9.81,9.39,9.68,7.5,8.59,8.99,8.1,7.5,8,10,8.5,8.87,9.93,8.84,9.21,7.97,8.44,68,5.67,10,5,8.31,7.95,9.59,4.57,4.96,6,7.5,6.75,6.98,86,10,10,10,5,10,,,5,7.5,7.78,72,7.9,7.29,9.4,8.74,10,7,8.5,8.48,8.48,4.28,3.62,5.27,2.5,4.26,4.07,8.54,2.84,4.42,9.93,9.16,9.45,10,9.63,8.97,8.04,6.82,7.95,5.88,5.96,5.92,10,4.48,3.08,7.19,4.92,7.2,8,8.22,9,8.41,5.57,3.28,6.76,6,2.6,3,4.53,4.28,4.44,8.33,4.99,8.94,5.76,6.13,6.36,7.22,72
2019,Peru,PER,Latin America & the Caribbean,7.93,50,2,6.14,4.48,3.3,4.64,7.7,10,10,7.5,9.95,10,7.45,9.24,9.16,8.43,9.52,9.62,9.34,9.49,7.5,8.5,9.69,9.68,10,9.84,9.77,8.87,7.5,8,7.5,7.67,9.11,9.81,9.34,9.42,9.11,8.77,53,9.04,10,7.5,8.69,8.88,9.79,6.45,9.48,8,7.5,7.75,8.62,36,10,10,10,2.5,10,,,7.5,7.5,8.03,61,7.87,6.74,9.55,7.78,8,3,5.5,9.04,7.72,5.19,4,4.24,7.5,5.28,4.68,8.54,3.02,5.31,9.79,9.58,9.57,10,9.74,9.73,9.52,8.43,9.22,5.51,6.65,6.08,10,10,8.46,10,9.49,8.7,8,9.28,9,8.76,3.9,2.8,7.51,10,7.04,10,6.87,2.55,6.44,9.07,6.41,8.68,7.09,6.71,7.45,7.78,35
2019,Philippines,PHL,South Asia,6.83,101,3,2.52,4.6,3.12,3.42,8.11,5,8.43,2.5,3.83,5.86,2.89,2.67,4.45,6.28,6.72,9.47,9.23,8.47,7.5,7.99,7.18,7.88,7.5,7.69,7.44,7.62,7.5,7,7.5,7.33,8.78,7.98,7.51,8.09,6.93,7.49,93,5.42,10,5,6.31,5.57,8.26,3.51,5.61,5,5,5,6.08,110,10,10,10,0,10,,,5,6.25,6.42,115,6.85,7.47,9.07,10,8,7,7.5,7.93,8.39,4.88,4.1,5.82,4.17,4.28,4.18,7.93,3.34,4.41,9.99,9.34,9.5,10,9.71,7.02,8.78,7.34,7.71,5.99,5.09,5.54,10,4.48,0.77,10,5.08,7.08,8,9.44,10,9.15,7.77,5.03,6.99,10,2.52,10,7.05,3.32,4.89,8.7,3.51,8.96,8.08,6.24,7.48,7.42,58
2019,Poland,POL,Eastern Europe,7.96,49,2,6.62,6.3,5.97,6.3,9.8,10,10,7.5,10,10,8.13,9.25,9.27,9.53,9.62,9.16,9.25,9.34,10,9.67,9.42,8.79,7.5,8.15,8.78,6.84,7.5,9,7.5,8,9.79,9.63,9.27,9.56,6.78,7.8,86,9.22,10,7.5,5.95,5.47,9.71,5.96,5.94,7,7.5,7.25,7.44,73,10,10,10,10,10,,,10,10,8.5,43,9.85,4.76,5.25,7.69,7,5,6,6.9,6.12,4.84,6.16,5.14,10,5.82,4.56,7.35,5.15,6.13,9.11,9.55,9.55,5,8.3,9.13,8.98,6.49,8.2,5.74,9.98,7.86,10,7,2.31,8.74,6.01,8.02,5,9.63,10,8.21,5.57,3.86,7.43,8,7.76,10,7.1,3.14,8.89,8.66,6.41,8.68,6.26,7.01,7.44,7.2,75
2019,Portugal,PRT,Western Europe,8.69,18,1,7.88,6.82,5.92,6.88,9.77,10,10,10,10,10,9.3,9.88,9.88,9.82,9.89,9.91,9.88,9.89,10,9.95,9.64,9.86,10,9.93,9.78,8.22,10,,10,10,9.81,8.73,9.77,9.44,9.52,9.29,30,10,10,10,9.17,9.74,9.92,7.68,9.71,,10,10,9.58,6,10,10,10,10,10,,,10,10,9.33,12,9.98,5.62,5.01,10,4,1,2.5,8.28,6.28,7.34,6.29,6.54,10,7.89,4.23,7.41,7.97,7.21,7.9,9.92,9.93,10,9.44,9.13,8.98,6.49,8.2,7.34,9.98,8.66,10,10,6.15,8.74,8.3,8.79,5,10,10,8.33,2.23,3.51,6.05,6,7.04,10,5.81,3.48,8.67,9.77,7.94,8.31,7.28,7.57,7.24,7.79,33
2019,Qatar,QAT,Middle East & North Africa,6.15,128,4,,,,6.34,9.89,10,10,10,10,10,7.44,9.04,9.5,9.69,8.04,8.36,3.69,6.69,7.5,7.1,6.54,3.43,5,4.21,5.38,2.11,2.5,2,2.5,2.33,0.13,3.18,,1.66,4.68,2.7,152,10,10,2.5,3.9,1.97,6.42,1.86,0.96,4,5,4.5,4.68,135,0,0,0,0,10,,,0,2.5,5.48,142,2.74,0,9.61,,10,10,10,4.14,5.94,5.91,7.05,7.41,6.67,6.45,4.86,9.88,7.92,5.37,9.23,4.26,9.87,10,8.34,9.31,9.04,6.24,8.2,6.63,7.47,7.05,10,10,4.62,10,8.21,8.36,5,10,10,8.33,10,6.96,7.4,4,4.82,3,6.03,6.61,6.67,9.65,6.24,9.49,9.54,8.03,7.47,7.09,80
2019,Romania,ROU,Eastern Europe,8.33,35,1,6.83,6.2,5.57,6.2,9.62,10,10,10,10,10,7.85,9.75,9.66,9.64,9.92,9.6,9.64,9.72,10,9.86,9.72,8.87,7.5,8.18,8.95,7.68,10,8,7.5,8.5,9.87,8.65,9.47,9.33,8.23,8.44,68,10,10,7.5,7.83,6.47,9.89,5.99,7.73,7,7.5,7.25,8.07,49,10,10,10,7.5,10,,,10,9.38,8.65,39,9.43,5.46,6.49,10,10,4,7,7.3,7.25,5.59,5.07,6.07,8.33,5.32,5.04,9.3,6.59,6.41,9.07,9.21,9.23,10,9.38,9.13,8.98,6.49,8.2,6.26,9.97,8.11,10,10,8.46,8.74,9.07,8.85,8,7.51,10,8.5,3.9,5.62,6.93,8,10,10,7.41,3.33,6.67,9.36,5.68,6.67,8.17,6.65,7.52,7.88,26
2019,Russian Federation,RUS,Eastern Europe,6.23,126,4,3.41,5.37,3.14,3.97,7.62,0,9.9,5,9.81,9.94,3.71,3.89,6.04,6.83,7.52,9.31,9.36,8.73,5,6.86,4.77,5.8,5,5.4,5.08,2.9,2.5,3,5,3.5,5.59,8.33,5.14,6.35,4.04,4.2,141,9.59,6.61,0,3.66,1.34,6.8,3.36,3.31,4,5,4.5,4.35,140,10,10,10,10,10,,,10,10,5.9,126,9.87,3.93,6.21,,10,5,7.5,4.58,5.55,4.16,4.34,4.47,6.67,4.27,5.09,9.7,5.03,5.14,8.46,8.86,9.11,10,9.11,6.06,8.66,6.76,7.16,5.19,6.93,6.06,10,5.37,2.31,5.09,4.25,6.87,5,10,10,8.33,5,5.11,7.82,6,8.5,3,5.9,3.7,4.22,9.67,3.46,8.23,8.22,6.25,6.83,6.7,100
2019,Rwanda,RWA,Sub-Saharan Africa,6.36,120,3,3.83,6.39,5.35,5.19,9.24,5,0.18,7.5,7.08,8.43,2.28,2.74,4.74,6.99,2.62,8.65,8.57,6.62,7.5,7.06,3.51,6.49,7.5,6.99,5.25,3.08,0,3,5,2.67,5.34,7.54,3.06,5.31,4.02,3.77,145,10,2.25,0,1.51,5.44,5.26,1.47,4.46,3,5,4,3.82,149,10,10,10,2.5,10,,,7.5,7.5,5.65,135,7.71,6.44,9.72,2.42,8,5,6.5,2.63,5.54,4.55,6.28,5.79,,4.4,4.81,9.83,7.7,6.19,9.32,8.73,9.33,10,9.34,8.68,7.74,5.21,7.21,5.94,5.72,5.83,10,7.48,8.46,10,8.65,7.92,5,6.56,9,6.85,10,5.76,6.86,10,7.01,10,8.27,6.15,7.33,9.87,7.42,9.32,8.99,8.18,7.77,7.35,64
2019,Saudi Arabia,SAU,Middle East & North Africa,5.12,155,4,,,,5.45,9.62,10,10,2.5,9.51,8.19,2.23,2.46,6.41,8.02,4.01,8.24,3.95,5.4,5,5.2,3.07,0.8,2.5,1.65,2.36,0.68,0,2,2.5,1.5,0.14,1.04,,0.59,3.04,1.45,164,9.12,0,0,1.82,0.89,4.6,0.91,1.07,1,2.5,1.75,2.24,164,0,0,0,0,10,,,0,2.5,3.89,161,2.79,0.59,8.09,1.19,10,10,10,3.62,4.7,5.52,6.29,7.89,8.33,6.13,4.73,9.97,8.74,6.14,9.85,5.58,9.58,10,8.75,9.45,8.94,6.25,8.21,6.18,7.41,6.8,10,7,0.77,5.86,4.54,7.39,5,8.67,10,7.89,8.33,6.16,7.73,6,4.39,10,7.1,6.13,3.11,9.61,4.24,9.29,8.83,6.87,7.29,6.85,91
2019,Senegal,SEN,Sub-Saharan Africa,7.07,87,3,4.55,5.74,4.49,4.93,,10,10,7.5,9.69,10,7.55,8.76,9.07,9.07,9.31,9.74,9.25,9.43,7.5,8.47,9.37,8.32,10,9.16,9.26,8.75,5,8,7.5,6.83,9.16,9.85,7.79,8.93,8.96,8.37,71,10,10,5,9.33,8.87,9.82,6.79,9.6,7,7.5,7.25,8.52,41,0,0,0,7.5,7.48,,,5,5,7.66,78,5.85,6.88,9.66,7.01,5,5,5,6.74,7.06,4.94,5.07,5.2,4.17,5.7,3.35,6.89,6.92,4.35,9.42,9.65,9.65,0,7.18,7.21,7.58,7.05,7.28,5.46,6.23,5.85,10,1.65,0.77,10,4.14,6.82,10,7.58,5,7.53,0,3.99,6.43,4,7.19,0,3.6,4.5,4.89,9.56,5.86,8.02,5.34,6.36,5.83,6.25,127
2019,Serbia,SRB,Eastern Europe,7.54,67,2,5,5.05,3.97,4.68,9.3,10,10,7.5,10,10,7.87,7.09,8.92,9.11,9.76,9.25,9.15,9.38,10,9.69,9.41,9.21,7.5,8.36,8.88,6.16,10,8,7.5,8.5,7.32,9.8,6.96,8.03,6.51,7.3,97,10,10,5,6.56,1.7,8.61,3.9,2.74,6,5,5.5,6,113,10,10,10,7.5,10,,,7.5,8.75,7.77,73,8.83,6,3.69,8.04,10,6,8,7.1,6.56,5.28,4.85,4.86,6.67,5.43,3.37,8.52,5.12,5.51,9.61,9.89,9.63,5,8.53,9.27,8.52,7.16,8.32,5.76,9.75,7.75,10,,1.54,9.74,5.64,7.93,8,10,9,9,2.23,5.02,6.79,10,7.51,10,6.92,3.49,6.22,9.75,4.59,9.29,7.47,6.8,7.58,7.22,72
2019,Seychelles,SYC,Sub-Saharan Africa,7.84,57,2,,,,5.45,6.37,10,10,,10,10,7.91,8.24,9.36,7.86,8.04,9.8,9.82,9.22,7.5,8.36,8.74,8.19,10,9.09,8.92,7.87,7.5,,7.5,7.5,8,9.84,7.91,8.58,8.12,8.02,82,10,10,5,6.53,5.71,7.86,6.68,6.61,,7.5,7.5,7.32,76,10,10,10,10,10,,,10,10,7.99,65,9.96,4.24,8.49,9.9,8,8,8,5.35,7.19,6.12,6.17,6.19,,6.7,4.06,7.08,4.86,5.71,8.53,8.57,9.64,10,9.19,9.49,9.5,5.85,8.28,5.87,5.33,5.6,10,10,8.46,10,9.49,8.34,5,10,9,8,8.9,5.13,5.82,8,7.53,10,7.56,5.17,5.78,8.84,7.55,9.08,9.05,7.58,7.71,7.63,43
2019,Sierra Leone,SLE,Sub-Saharan Africa,6.7,111,3,3.91,4.42,3.52,3.95,9.5,10,10,7.5,10,10,7.39,8.49,9.05,9.28,9.2,9.24,8.5,8.98,7.5,8.24,9.78,8.91,7.5,8.21,8.99,8.56,5,6,7.5,6.17,9.4,9.76,6.51,8.55,9.35,8.16,78,10,10,5,7.86,8.44,9.15,5.79,6.78,6,7.5,6.75,7.75,59,0,10,5,2.5,1.39,,,5,3.47,7.12,97,5.48,9.49,10,4.74,8,5,6.5,7.92,7.73,4.73,3.82,4.4,4.17,5.52,4.18,5.46,4.13,4.42,8.5,7.95,7.04,5,7.12,7.64,7.58,7.05,7.42,4.47,4.23,4.35,10,1.65,0,10,3.88,6.41,2,0,8,3.33,3.33,4.12,5.54,8,0,10,5.16,3.9,3.11,9.66,7.15,7.91,6.16,6.32,4.94,6.15,132
2019,Singapore,SGP,South Asia,7.98,48,2,7.09,8.18,7.87,7.71,9.94,10,10,10,10,10,7.68,9.76,9.63,9.79,9.36,9.3,9.14,9.27,7.5,8.38,7.82,8.13,7.5,7.81,7.82,2.75,5,3,5,4.33,7.36,8.55,8.95,8.28,5.91,5.32,130,10,1.28,5,4.54,2.8,7.51,3.87,2.47,3,5,4,4.61,136,0,10,5,10,10,,,7.5,8.13,7.39,88,9.33,5.24,9.25,8.93,10,10,10,4.37,7.56,6.52,8.51,8.94,8.33,7.92,7.83,8.96,9.19,8.28,9.71,9.46,9.89,10,9.76,10,10,10,10,8.36,9.2,8.78,10,10,6.92,10,8.97,9.44,10,10,10,10,10,7.7,8.39,10,10,0,7.68,7.44,9.78,9.95,9.58,9.99,9.28,9.34,9.01,8.81,2
2019,Slovak Republic,SVK,Eastern Europe,8.21,39,1,,,,6.06,9.68,,10,7.5,10,10,8.3,8.66,9.08,9.38,9.83,9.82,9.81,9.82,10,9.91,9.26,8.13,7.5,7.81,8.54,7.14,10,10,10,10,9.71,9.77,9.76,9.74,8.4,8.82,50,4.55,10,5,8.82,9.19,9.87,5.99,8.31,8,7.5,7.75,7.72,62,10,10,10,10,10,,,10,10,8.63,41,9.96,4.16,4.82,9.47,9,2,5.5,7.58,6.3,5.56,5.19,5.69,10,6.2,3.75,9.69,3.99,6.26,8.32,9.47,9.47,10,9.32,9.13,8.98,6.49,8.2,6.11,9.98,8.05,10,7.48,5.38,8.74,7.2,8.36,10,9.36,10,9.79,5.57,3.79,6.59,8,7.76,10,6.95,2.31,7.78,9.25,7.09,6.03,7.85,6.72,7.82,7.61,47
2019,Slovenia,SVN,Eastern Europe,8.37,32,1,7.87,6.56,5.61,6.68,9.85,10,10,7.5,10,10,8.51,9.75,9.39,9.62,9.87,9.61,9.03,9.5,10,9.75,9.77,8.56,10,9.28,9.53,7.6,10,10,10,10,9.82,9.81,9.35,9.66,9.53,9.2,38,10,10,7.5,9.07,8.42,9.93,5.71,8.35,8,7.5,7.75,8.53,40,10,10,10,10,10,,,10,10,9.04,26,9.81,4.12,5.16,8.77,4,0,2,7.19,5.45,6.22,6.11,6.07,9.17,7.08,4.23,8.32,7.43,6.63,8.9,9.73,9.67,10,9.58,9.13,8.98,6.49,8.2,6.78,9.98,8.38,10,7,3.08,8.74,6.27,8.21,5,10,10,8.33,2.23,2.74,6.07,8,8.13,10,6.2,2.65,8.22,9.63,9.09,6.88,7.39,7.31,7.28,7.43,57
2019,Somalia,SOM,Sub-Saharan Africa,4.93,159,4,,,,1.51,8.75,10,0,0,0,0,3.18,2.87,2.29,5.52,3.24,3.1,5.64,3.99,5,4.5,5.05,2.19,5,3.59,4.32,4.23,2.5,2,5,3.17,8.71,9.35,7.33,8.46,6.05,5.48,127,0,1.57,2.5,3.14,3.64,6.61,3.7,3.99,2,5,3.5,3.18,155,0,0,0,0,0.08,,,5,1.27,3.68,162,2.14,8.61,,,7,,7,6.98,7.53,3.07,0.83,1.77,1.7,2.3,4.83,5.99,,2.41,,8.65,9.65,10,9.43,,,,,,5.07,5.07,10,,10,10,10,8.36,,,,,10,,,8,2.52,10,7.63,,0,5.68,5.04,,,3.57,5.6,6.67,107
2019,South Africa,ZAF,Sub-Saharan Africa,7.3,77,2,5.78,6.14,5.26,5.73,0,10,10,5,9.71,9.85,8.36,6.86,8.54,4.27,8.99,9.56,9.03,9.19,7.5,8.35,8.52,9.7,7.5,8.6,8.56,9.18,10,8,10,9.33,9.85,9.91,8.27,9.34,8.09,8.99,44,10,10,7.5,8.66,6.68,9.77,5.14,7.11,8,7.5,7.75,8.07,49,10,10,10,7.5,10,,,7.5,8.75,7.53,80,8.81,4.08,8.67,9.97,5,4,4.5,7.77,7,6.9,6.38,5.15,8.33,5.29,4.96,6.94,3.65,5.95,9.34,9.49,9.18,5,8.25,8.74,8.46,4.58,7.26,5.44,4.68,5.06,10,1.65,0.77,8.63,3.68,6.5,10,6.47,10,8.82,5.57,3.13,4.11,8,8.27,10,6.51,3.36,3.33,8.72,5.41,8.39,7.65,6.14,7.16,6.97,84
2019,Spain,ESP,Western Europe,8.56,25,1,8.39,6.69,6.69,7.26,9.83,10,10,7.5,10,9.96,9.51,9.79,9.54,9.68,9.92,9.89,9.92,9.91,10,9.95,9.91,9.35,7.5,8.43,9.17,9.12,7.5,,7.5,7.5,9.79,9.8,9.71,9.77,9.79,9.04,42,10,10,7.5,8.99,8.7,9.9,7.38,9.08,,7.5,7.5,8.78,31,10,10,10,10,10,,,7.5,9.38,9.04,26,9.48,4.48,4.81,10,5,5,5,7.78,6.42,7.03,6.9,6.31,8.33,8,5.29,7.75,8.86,7.31,8.13,9.82,9.86,10,9.45,9.13,8.98,6.49,8.2,6.61,9.98,8.29,10,10,3.08,8.74,7.27,8.44,10,8.75,10,9.58,3.9,3.71,6.8,8,5.07,10,6.25,3.14,7.56,9.52,9,8.51,8.4,7.69,7.84,7.89,24
2019,Sri Lanka,LKA,South Asia,6.58,112,3,3.91,4.49,4.45,4.28,9.3,5,10,,0,0,6.32,8.39,4.95,7.13,8.38,9.5,9.44,9.11,7.5,8.3,7.63,7.56,7.5,7.53,7.58,6.45,7.5,7,7.5,7.33,9.57,9.74,8.71,9.34,7.09,7.55,90,10,10,5,4.77,6.13,8.77,5.45,6.86,7,7.5,7.25,7.14,82,0,0,0,2.5,10,,,0,3.13,6.44,114,4.39,8.24,8.8,9.08,9,8,8.5,6.78,8.28,6.21,5.7,4.56,5,5.52,3.61,7.59,4.93,5.07,9.6,8.87,9.29,5,8.19,7.17,8.14,1.74,5.68,4.81,6.23,5.52,10,1.65,0,0.33,0.66,5.47,5,6.76,10,7.25,10,4.67,6.29,8,0,10,6.49,3.38,6,9.65,4.38,9.52,8.55,6.91,6.89,6.78,94
2019,Sudan,SDN,Sub-Saharan Africa,4.48,162,4,,,,3.4,8.5,0,10,2.5,7.69,8.09,3.89,3.09,5.04,6.77,5.51,6.78,5.42,5.9,5,5.45,6.91,4.64,5,4.82,5.87,6.56,0,3,5,2.67,6.36,7.43,6.42,6.74,6.51,5.62,125,10,10,2.5,3.15,4.09,6.09,4.35,7.45,3,5,4,5.74,120,0,0,0,0,1.34,,,0,0.34,4.74,156,1.35,9.47,9.42,10,10,7,8.5,5.21,8.52,4.1,4.47,3.05,1.67,3.59,3.8,8.94,,2.74,0,2.28,0,5,1.82,5.45,5.7,3.89,5.01,,0.92,0.92,0,5.52,6.15,0.89,4.19,2.53,,8.03,0,4.02,8.33,,,8,2.52,0,4.71,,3.56,8.71,4.34,6.76,7.98,6.27,5,4.19,164
2019,Suriname,SUR,Latin America & the Caribbean,7.64,63,2,4.93,4.94,5.2,5.02,8.43,10,10,,10,10,7.48,8.24,9.29,8.86,9.01,9.61,9.33,9.31,10,9.66,9.81,8.68,10,9.34,9.57,9.53,10,,7.5,8.75,9.66,9.81,8.96,9.48,9.1,9.21,36,10,10,7.5,7.89,7.03,9.64,7.01,5.95,,7.5,7.5,8.06,51,10,10,10,,10,,,,10,8.63,41,9.78,4.16,8.58,,5,5,5,5.25,5.75,5.47,5.5,5.56,5,4.96,2.75,4.46,3.16,4.47,4.26,4.93,9.12,10,7.08,8.39,7.92,6.13,7.48,6.71,6.83,6.77,10,1.65,0,2.32,1.32,6.39,8,8.97,10,8.99,5.57,,,10,7.01,10,8.14,,1.33,6.9,4.78,7.28,7.77,5.61,7.58,6.14,134
2019,Sweden,SWE,Western Europe,8.83,9,1,9.58,8.23,8.01,8.61,9.68,10,10,10,10,10,9.73,9.84,9.94,9.81,9.41,9.54,9.6,9.51,10,9.76,9.87,9.78,10,9.89,9.88,9.49,10,,10,10,9.9,9.94,9.7,9.84,9.85,9.79,4,10,10,10,9.65,9.81,9.94,7.62,8.86,,10,10,9.54,8,10,10,10,10,10,,,10,10,9.63,1,9.92,1.09,4.95,8.57,2,0,1,7.77,4.68,8.2,8.24,7.54,9.17,8.38,6.11,8.45,6.89,7.87,9.49,9.83,9.64,10,9.74,9.13,8.98,6.49,8.2,7.03,9.93,8.48,10,10,3.08,8.74,7.27,8.49,10,10,8,9.33,6.67,4.31,4.3,6,10,5,6.05,4.59,6.67,9.72,9.64,9.01,8.63,8.04,7.81,7.72,37
2019,Switzerland,CHE,Western Europe,9.11,1,1,,,,8.17,9.83,10,10,10,10,10,9.65,9.79,9.92,9.87,9.75,9.72,9.65,9.71,10,9.85,9.45,9.19,10,9.59,9.52,9.14,10,,10,10,9.85,9.94,9.68,9.82,9.76,9.68,11,10,10,10,9.57,9.66,9.91,9.46,9.65,,10,10,9.8,1,10,10,10,10,10,,,10,10,9.56,2,9.93,6.38,6.01,10,8,6,7,9.04,7.69,8.61,8.63,9.04,10,8.25,6.25,9.6,9.05,8.68,9.65,9.82,9.93,10,9.85,9.91,8.8,0,6.24,6.22,9.91,8.07,10,10,3.08,8.74,7.27,7.89,8,10,10,9.33,10,8.04,7.9,6,10,0,6.99,6.32,7.56,9.58,9.79,8.37,9.29,8.48,8.27,8.48,4
2019,Syrian Arab Republic,SYR,Middle East & North Africa,3.66,165,4,,,,1.94,9.74,0,0,0,0,0,0.14,0.18,0.04,4.89,3.06,5.47,3.96,4.16,2.5,3.33,2.27,3.49,5,4.25,3.26,0.17,0,1,2.5,1.17,4.01,2.32,1.7,2.68,1.71,1.43,165,0,0,0,0.58,0.1,2,1.54,1.06,2,2.5,2.25,0.84,165,0,0,0,0,10,,,0,2.5,2.6,165,2.79,6.82,8.97,,9,5,7,4.61,6.85,3.29,2.05,5.86,3.33,5.13,3.22,4.09,5.95,3.03,9.48,4.43,0,10,5.98,8.37,6.7,0.63,5.23,4.6,2.81,3.7,9.03,0,0.83,2.88,1.24,4.8,2,4.76,10,5.59,7.23,4.98,4.74,6,10,0,5.49,3.81,0,9.13,1.17,,6.23,4.07,5.05,5.19,158
2019,Taiwan,TWN,East Asia,8.68,19,1,,,,6.97,9.76,10,10,7.5,10,10,9.22,9.83,9.51,9.63,9.41,9.91,9.85,9.72,10,9.86,9.88,9.84,10,9.92,9.9,8.34,10,10,10,10,9.82,9.78,9.74,9.78,9.4,9.38,23,10,10,10,9.53,7.92,9.42,6.3,8.48,9,7.5,8.25,8.88,27,10,10,10,10,10,,,7.5,9.38,9.14,21,9.47,5.54,9.29,,7,7,7,7.5,7.33,6.61,6.43,7.63,6.67,7.53,6.25,7.89,7.83,7.1,9.74,9.32,9.89,10,9.74,9.53,8.68,3.51,7.24,6.59,8.76,7.68,10,,,6.64,6.64,7.89,5,9.24,10,8.08,5.57,6.2,8.33,10,6.26,10,7.73,4.9,9.56,9.66,8.81,9.58,7.52,8.34,8.05,8.02,17
2019,Tajikistan,TJK,Caucasus & Central Asia,5.52,153,4,,,,3.26,9.53,10,10,2.5,1.19,10,1.43,2.33,5.35,7.44,4.52,7.12,5.34,5.66,7.5,6.58,1.54,3.96,5,4.48,3.01,1.58,0,2,2.5,1.5,3.22,6.26,2.95,4.14,2.72,2.48,154,10,10,0,1,0.52,2.8,2.14,1.71,2,5,3.5,3.52,151,10,10,10,2.5,10,,,7.5,7.5,4.83,155,7.07,8.12,9.06,0,10,7,8.5,3.14,5.77,4.15,3.94,4.83,,2.27,5.67,8.46,5.99,4.75,6.91,9.14,8.44,10,8.62,9.19,8.46,7.66,8.44,5.32,4.54,4.93,10,2.25,6.15,1.11,3.17,6.63,8,8.53,8,8.18,5.57,5.87,7.37,8,7.76,0,5.76,5.62,3.11,9.59,3.06,8.35,7.49,6.2,6.71,6.5,119
2019,Tanzania,TZA,Sub-Saharan Africa,6.48,114,3,2.86,4.96,3.81,3.88,8.11,5,10,7.5,9.83,9.89,6.11,7.31,7.95,8.03,6.29,9.04,9.2,8.17,7.5,7.84,7.47,7.27,10,8.63,8.05,4.81,2.5,5,7.5,5,7.89,9.06,7.83,8.26,6.21,6.07,117,10,9.58,2.5,5.85,4.37,8,4.31,4.93,5,5,5,6.06,112,0,10,5,2.5,9,,,0,4.13,6.29,117,6.14,8.32,10,7.14,8,4,6,4.68,7.23,5.4,4.67,4.83,5.83,6.42,5.71,7.02,5.16,5.3,9.16,9.34,9.31,5,8.2,7.34,7.38,5.02,6.58,5.03,0.8,2.91,10,1.65,1.54,10,4.4,5.97,8,8.27,9,8.42,5.57,4.82,5.95,10,8.27,5,6.6,4.61,1.56,8.63,6.1,7.91,7.68,6.08,7.03,6.75,97
2019,Thailand,THA,South Asia,6.89,96,3,3.99,4.79,4.34,4.37,9.24,5,9.57,5,8.27,8.17,2.41,2.46,5.84,7.54,8.59,8.72,8.57,8.63,7.5,8.06,8.96,8.6,7.5,8.05,8.5,5.18,5,2,5,4,7.01,8.89,8.08,7.99,4.68,5.46,128,10,8.23,2.5,2.8,3.13,6.67,4.53,3.67,2,5,3.5,5,133,10,10,10,7.5,10,,,10,9.38,6.9,101,9.21,4.6,9.16,7.05,8,8,8,6.9,7.14,5.41,5.19,5.54,3.33,3.97,5.26,7.46,4.37,4.92,9.74,9.67,9.86,5,8.57,9.69,7.96,3.8,7.15,5.69,7.99,6.84,10,1.65,1.54,6.75,3.31,6.83,8,9.74,10,9.25,5.57,5.57,5.64,10,1.37,0,4.69,4.58,6.67,9.78,2.72,9.08,7.43,6.71,6.88,6.87,89
2019,Timor-Leste,TLS,South Asia,7.22,78,2,,,,3.45,8.81,,10,7.5,10,10,8.6,9.21,9.22,9.01,9.22,9.09,9.17,9.16,7.5,8.33,9.69,8.66,10,9.33,9.51,7.67,7.5,9,10,8.83,9.56,9.44,8.15,9.05,9.46,8.75,54,10,10,7.5,8.27,7.41,8.08,5.8,5.59,8,10,9,7.96,54,10,10,10,7.5,10,,,7.5,8.75,7.97,66,8.83,0,8.71,0,10,10,10,4.83,4.71,5.93,4.57,3.02,,5.33,0,,1.4,3.37,7.64,5.44,9.81,10,8.22,8.65,9.5,10,9.38,3.93,5.05,4.49,10,,8.46,10,9.23,8.27,,1.04,9,5.02,2.23,,,8,5.51,10,6.44,,5.56,9.58,6.8,7.54,7.38,7.37,6.27,6.19,130
2019,Togo,TGO,Sub-Saharan Africa,6.5,113,3,3.26,4.78,3.58,3.87,7.38,10,10,5,10,10,3.65,3.55,7.46,7.42,7.7,9.11,9.61,8.81,7.5,8.15,7.7,9.32,7.5,8.41,8.06,5.83,2.5,4,5,3.83,8.42,9.56,6.19,8.06,7.61,6.33,112,10,10,5,8.76,3.84,4.25,6.26,6.92,5,7.5,6.25,6.81,93,0,10,5,0,9.69,,,7.5,5.55,6.6,110,7.36,6.24,10,6.37,7,,7,6.77,7.28,4.56,3.77,6.16,4.17,4.32,3.9,8.81,,5.1,9.92,9.5,9.86,0,7.32,6.55,7.58,7.05,7.06,4.87,3.29,4.08,10,1.65,0.77,1.77,1.4,5.63,10,10,5,8.33,1.67,,,8,7.01,0,4.17,,4,9.81,3.76,8.15,8.22,6.79,6.43,6.35,122
2019,Trinidad and Tobago,TTO,Latin America & the Caribbean,7.7,60,2,4.39,5.84,3.24,4.49,1.1,10,10,7.5,10,10,8.32,9.64,9.35,5.23,9.43,8.91,9.5,9.28,10,9.64,9.89,9.57,10,9.79,9.84,8.69,10,9,10,9.67,9.8,9.84,8.98,9.54,9.25,9.29,30,10,10,10,8.59,8.25,9.88,6.94,6.41,9,10,9.5,8.84,29,0,10,5,10,10,,,10,8.75,8.01,63,9.9,6,7.89,,9,6,7.5,6.88,7.07,6.59,5.35,5.45,8.33,5.02,2.96,6.24,3.59,5.28,9.85,7.57,9.8,10,9.3,8.9,8.38,5.27,7.52,5.93,6.18,6.05,10,8.35,6.15,10,8.17,7.93,8,0,10,6,10,3.62,6.05,10,5.14,10,7.47,3.46,6.44,9.66,7.1,6.78,7.65,6.85,6.77,7.27,69
2019,Tunisia,TUN,Middle East & North Africa,6.46,116,3,4.89,5.02,4.16,4.69,9.11,10,10,5,8.71,8.69,6.67,7.26,8.05,8.58,9.15,9.47,9.01,9.21,7.5,8.36,6.94,7.13,7.5,7.32,7.13,7.99,5,7,7.5,6.5,9.57,9.58,9.63,9.59,9.02,8.28,74,10,7.84,5,6.7,8.28,9.28,6.76,7.44,6,7.5,6.75,7.56,66,0,0,0,2.5,10,,,0,3.13,6.82,103,4.3,5.27,6.41,5.83,5,2,3.5,6.03,5.41,5.64,4.83,5.57,5.83,7.43,4.88,7.33,5.78,5.04,8.35,9.41,8.66,0,6.61,8.83,7.68,5.27,7.26,5.16,8.09,6.63,7.28,1.65,0.77,9.85,4.09,6.31,5,5.49,10,6.83,6.1,3.35,5.47,10,5.51,3,5.57,3.18,5.11,9.68,6.85,8.74,8.39,6.99,6.46,5.97,139
2019,Turkey,TUR,Middle East & North Africa,5.79,139,4,3.39,4.43,3.77,3.86,9.24,5,6.48,2.5,8.01,7.83,1.73,6.29,5.41,7.32,3.62,7.91,6.1,5.88,5,5.44,3.36,4.9,5,4.95,4.16,2.98,2.5,4,5,3.83,7.76,9.51,7.61,8.29,2.04,4.29,139,7.75,0,2.5,0.95,1.92,4.54,2.26,2.47,3,5,4,2.93,159,10,10,10,7.5,10,,,7.5,8.75,5.25,148,8.22,5.46,6.21,10,7,3,5,6,6.53,3.76,4.21,5.42,3.33,4.24,4.5,8.93,5.58,4.85,8.73,8.47,6.96,10,8.54,9.55,8,1.16,6.24,5.56,9.57,7.57,10,1.65,2.31,8.41,4.12,6.98,5,7.85,4,5.62,5.57,4.26,7.1,8,2.52,5,5.41,4.41,5.33,9.71,1.74,9.28,8.09,6.43,5.82,6.54,114
2019,Uganda,UGA,Sub-Saharan Africa,6.32,122,3,2.05,4.29,3.11,3.15,6.95,10,7.95,7.5,9.92,10,1.85,3.16,7.2,7.07,7.07,8.76,7.65,7.82,7.5,7.66,5.35,8.14,7.5,7.82,6.58,2.28,2.5,4,5,3.83,7,9.63,7.49,8.04,2.87,4.25,140,10,5.25,2.5,5.7,5.14,6.41,4.5,6.67,5,5,5,5.69,121,0,0,0,2.5,9.97,,,5,4.37,5.54,138,5.02,8.54,10,7.81,5,3,4,7.37,7.54,4.66,4.22,5.05,3.33,4.83,4.87,7.92,4.33,4.47,9.14,9.35,9.43,10,9.48,7.65,7.3,4.49,6.48,5.57,4.62,5.09,10,10,8.46,10,9.49,7.76,8,7.83,9,8.28,10,5.63,8.15,8,10,10,8.63,4.48,4.22,8.81,5.22,9.06,7.81,6.6,7.84,7.42,58
2019,Ukraine,UKR,Eastern Europe,6.86,98,3,4.94,5.37,3.63,4.65,8.2,5,7.11,0,9.32,9.55,6.76,6.77,6.36,7.28,8.34,9.21,9.54,9.03,7.5,8.27,7.07,7.34,7.5,7.42,7.24,6.38,5,9,7.5,7.17,8.71,8.3,7.77,8.26,8.14,7.49,93,8.01,8.91,5,5.92,6.97,7.18,4.08,5.5,7,5,6,6.4,103,10,10,10,10,10,,,10,10,7.33,90,9.91,5.61,5.62,8.32,10,7,8.5,6.63,6.94,4.05,3.77,3.86,8.33,5.24,4.28,9.16,4.62,4.94,8.55,5.47,8.42,0,5.61,9.43,9.1,7.93,8.82,5.41,7.24,6.33,10,0,0,7.19,2.4,6.89,5,8.31,10,7.77,5.57,5.53,5.78,6,9.25,0,5.35,4.39,5.78,9.79,4.3,9.73,6.33,6.72,6.61,6.2,129
2019,United Arab Emirates,ARE,Middle East & North Africa,6.06,131,4,5.12,6.75,6.74,6.21,9.85,5,10,7.5,10,10,5.7,8.17,8.05,8.95,6.64,7.04,4.14,5.94,7.5,6.72,6.47,7.78,5,6.39,6.43,2.31,2.5,2,2.5,2.33,0.43,3.56,1.07,1.69,2.98,2.33,156,10,7.36,0,3.48,1.03,3.55,0.47,1.02,2,2.5,2.25,3.24,154,0,0,0,0,10,,,0,2.5,5.2,150,2.83,4.28,8.06,0,10,10,10,4.69,5.41,5.96,7.75,7.77,8.33,5.72,5.83,9.91,8.61,5.94,9.81,6.8,9.61,10,9.06,10,9.04,6.26,8.43,7.11,8.33,7.72,10,10,5.38,7.85,7.75,8.48,5,10,8,7.67,10,6.93,7.38,6,10,0,6.72,7.03,6.22,9.69,7.17,10,8.7,8.13,7.51,7.28,68
2019,United Kingdom,GBR,Western Europe,8.75,14,1,8.17,7.11,7.24,7.51,9.65,10,10,7.5,9.87,9.69,7.41,9.64,9.16,9.4,9.3,9.73,9.74,9.59,10,9.79,9.61,9.18,10,9.59,9.6,8.2,10,,10,10,9.88,9.39,9.48,9.58,8.9,9.17,39,9.56,10,10,9.67,9.16,9.8,8.39,8.69,,10,10,9.47,10,10,10,10,10,10,,,7.5,9.38,9.19,19,9.45,5.14,5.53,9.85,6,2,4,8.29,6.56,7.72,7.6,7.49,10,7.67,6.07,8.02,6.98,7.69,9.06,9.71,9.65,10,9.61,9.13,8.98,6.49,8.2,6.62,9.32,7.97,10,10,4.62,8.08,7.56,8.43,8,8.27,10,8.76,8.9,6.64,7.4,8,8.53,10,8.25,5.56,6.44,9.86,9.72,9.52,8.72,8.3,8.44,8.15,12
2019,United States,USA,North America,8.73,15,1,7.68,6.24,6.31,6.75,8.55,10,9.94,7.5,9.73,9.69,7.37,9.81,9.15,8.85,9,9.65,9.74,9.46,10,9.73,9.14,9.45,10,9.72,9.43,9.64,10,,10,10,9.95,9.95,9.9,9.93,9.75,9.83,3,9.36,10,10,9.48,8.23,9.68,6.51,8.22,,10,10,9.05,23,10,10,10,10,10,,,10,10,9.09,24,9.95,6.74,6.02,9.93,5,5,5,9.31,7.4,7.66,7.85,7.6,6.67,7.05,6.76,8.92,7.81,7.54,9.48,9.78,9.64,10,9.72,9.08,9.34,6.55,8.32,6.52,9.8,8.16,10,10,3.85,0.66,4.84,7.83,10,6.96,10,8.99,8.9,7.18,7.79,10,10,10,8.98,5.77,7.33,9.86,7.9,9.6,8.04,8.08,8.68,8.24,6
2019,Uruguay,URY,Latin America & the Caribbean,8.36,33,1,7.51,7.41,5.64,6.85,6.48,10,10,10,10,10,9.07,9.81,9.84,8.16,9.63,9.76,9.52,9.64,10,9.82,9.88,9.34,10,9.67,9.77,8.26,10,10,10,10,9.65,9.91,9.84,9.8,9.15,9.3,29,10,10,10,9.87,9.04,9.91,8.74,9.3,10,10,10,9.65,3,10,10,10,10,10,,,10,10,9.08,25,9.9,6.34,5.7,7.1,7,6,6.5,6.64,6.46,7.76,6.75,6.81,5.83,5.89,3.59,6.45,5.05,5.84,9.24,9.27,8.42,10,9.23,8.1,7.94,6.87,7.64,5.79,6.57,6.18,10,10,8.46,9.51,9.33,8.29,5,7.92,10,7.64,8.9,2.51,1.61,8,4.61,10,5.94,3.18,7.33,9.54,9.41,6.59,8.17,7.37,6.98,7.36,62
2019,"Venezuela, RB",VEN,Latin America & the Caribbean,4.03,164,4,1,2.74,1.29,1.68,0,10,10,2.5,9.88,9.84,0.71,4.26,6.74,3.37,3.4,8.32,8.36,6.69,5,5.85,7.01,7.39,7.5,7.45,7.23,3.14,0,3,5,2.67,5.61,6.32,6.09,6.01,3.5,3.83,144,10,4.95,2.5,3.03,0.49,5.32,3.57,3.95,3,5,4,4.2,144,10,10,10,2.5,10,,,10,8.13,4.9,153,8.17,7.89,5.77,0,7,4,5.5,2.52,4.34,1.84,1.59,0.98,1.67,1.91,2.44,8.14,1.37,2.49,2.77,0,0,0,0.69,8.45,7.24,6.08,7.26,3.76,10,6.88,0,0,0,6.64,2.21,4.09,5,0,5,3.33,0,1.56,5.66,4,,0,2.24,1.28,0,4.44,1.15,4.98,0,1.98,2.52,2.83,165
2019,Vietnam,VNM,South Asia,5.9,134,4,4.57,4.63,4.59,4.6,9.56,10,10,10,10,10,4.15,6.71,8.69,9.13,6.39,9.23,9.15,8.26,5,6.63,4.35,5.14,5,5.07,4.71,2.32,2.5,3,2.5,2.67,1,0.14,0.23,0.45,3.71,2.29,157,10,0,2.5,3.55,1.31,5.82,2.66,2.02,2,2.5,2.25,3.35,152,10,10,10,7.5,10,,,7.5,8.75,5.63,136,8.83,9.22,,4.54,7,7,7,4.74,6.37,3.51,4.43,4.97,5,5.26,5.09,8.79,5.3,4.98,8.43,9.31,9.44,0,6.79,9.12,8.08,5.24,7.48,4.88,5.75,5.32,10,4.17,0.77,0.89,1.94,6.18,,8.57,10,9.29,7.77,5.46,6.53,10,2.52,0,5.38,3.98,6,9.43,4.39,8.21,5.7,6.28,6.98,6.26,126
2019,"Yemen, Rep.",YEM,Middle East & North Africa,4.08,163,4,,,,2.41,8.06,0,0,0,0,0,1.58,0.98,0.37,4.21,2.64,3.99,3.17,3.26,5,4.13,3.2,0.31,5,2.66,2.93,1.5,2.5,2,2.5,2.33,5.66,8.78,4.49,6.31,3.68,3.45,148,0,10,0,1.18,0.35,4.22,1.89,3.74,1,2.5,1.75,2.57,161,0,0,0,0,8.15,,,0,2.04,3.11,164,2.26,8.47,9.02,,10,8,9,4.85,7.83,2.77,2.58,2.78,4.17,2.55,3.78,9.05,3.43,2.74,9.91,3.2,8,10,7.78,8.92,8.48,7.81,8.4,4.05,10,7.02,0,10,6.92,1.33,6.08,5.38,,0,0,0,8.9,3.37,7,8,2.52,10,6.63,2.94,0,8.28,0.94,,7.22,3.88,3.5,5.45,155
2019,Zambia,ZMB,Sub-Saharan Africa,6.82,102,3,3.28,4.69,4.08,4.02,8.46,10,10,7.5,10,10,4.74,7.94,8.6,8.53,9.4,9.62,9.15,9.39,7.5,8.45,7.32,8.96,7.5,8.23,7.78,4.82,5,4,7.5,5.5,8.66,8.8,6.98,8.15,5.7,6.04,119,10,8.51,2.5,7.42,1.97,7.69,4.51,6.06,4,5,4.5,5.91,114,0,0,0,7.5,10,,,5,5.63,6.62,108,6.33,3.09,10,10,5,4,4.5,8.46,7.21,5.02,4.69,4.78,8.33,5.4,3.51,6.03,3.58,5.01,9.37,8.81,8.17,10,9.09,9,7.3,5.41,7.24,5.28,2.43,3.85,10,10,9.23,10,9.74,7.71,5,7.53,10,7.51,3.33,4.8,7.49,8,0,10,5.6,4.22,3.11,9.37,4.73,7.85,8.23,6.25,6.46,7.09,80
2019,Zimbabwe,ZWE,Sub-Saharan Africa,5.6,149,4,2.44,4.48,3.66,3.53,8.43,10,10,2.5,10,10,0.49,1.12,6.3,7.37,8.41,8.86,8.77,8.68,5,6.84,5.95,9.19,7.5,8.34,7.15,3.21,2.5,4,5,3.83,8.22,9.88,7.52,8.54,3.09,4.67,136,10,10,2.5,3.35,3.55,7.58,2.76,4.67,4,5,4.5,5.43,125,0,10,5,7.5,10,,,7.5,7.5,6.07,120,8.75,5.46,8.5,0,5,5,5,4.97,4.79,4.53,3.77,3.06,3.33,4.19,2.37,7.05,3.9,4.03,0,8.66,0,5,3.41,7.61,6.5,1.32,5.14,5.2,1.33,3.26,10,4.17,0,10,4.72,5.78,8,9.31,9,8.77,6.67,2.96,3.55,8,6.26,10,6.24,2.41,2.67,8.33,1.64,7.99,7.29,5.05,6.69,4.94,161